EmployeeID,DistrictID,UnitID,RankID,DesignationID,KGID,FirstName,EmployeeDOB,GenderID,BloodGroupID,PhysicallyChallenged,AppointmentDate
1,1,1,1,7,KGID100001,Isaac,1968-05-16,1,5,False,2004-07-01
2,1,1,4,5,KGID100002,Udant,1972-04-07,1,7,False,1999-06-30
3,1,1,1,6,KGID100003,Gagan,1987-08-08,1,6,False,1997-06-11
4,1,1,4,1,KGID100004,Girik,1974-12-16,1,5,False,2011-03-06
5,1,1,6,7,KGID100005,Avi,1986-08-10,1,5,False,2017-04-15
6,1,1,5,2,KGID100006,Oni,1975-01-07,1,4,False,2013-08-11
7,1,1,4,6,KGID100007,Abeer,1993-04-28,1,3,False,2001-02-25
8,1,1,1,4,KGID100008,Pahal,1979-02-03,1,4,False,2001-01-11
9,1,1,5,7,KGID100009,Gayathri,1970-12-31,1,1,False,2007-07-17
10,1,1,2,1,KGID100010,Jagrati,1996-05-04,1,6,False,2014-01-11
11,1,1,2,6,KGID100011,Caleb,1992-05-02,1,5,False,2012-01-27
12,1,1,4,5,KGID100012,Kritika,1970-03-15,1,7,False,2005-01-09
13,1,1,2,2,KGID100013,Janaki,1987-02-26,2,3,False,2016-12-14
14,1,1,1,1,KGID100014,Chakradev,1990-01-03,2,3,False,2018-12-10
15,1,2,3,4,KGID100015,Fariq,1996-08-09,1,8,False,2021-08-25
16,1,2,9,7,KGID100016,Lajita,1976-12-22,2,2,False,2014-12-16
17,1,2,3,3,KGID100017,Janya,1973-01-20,2,6,False,2006-10-29
18,1,2,2,4,KGID100018,Amara,1991-05-21,1,5,False,2016-05-06
19,1,2,5,5,KGID100019,Ekbal,1988-03-26,2,5,False,2001-06-26
20,1,2,3,2,KGID100020,Yash,1973-01-29,1,3,False,2007-07-12
21,1,2,5,5,KGID100021,Theodore,1990-10-20,2,6,False,2020-12-18
22,1,2,1,3,KGID100022,Daksh,1975-04-24,2,5,False,1997-06-15
23,1,2,1,5,KGID100023,Diya,1981-03-01,2,2,False,1998-06-11
24,1,2,5,7,KGID100024,Divya,1974-10-02,1,3,False,2010-12-31
25,1,2,2,5,KGID100025,Tara,1972-05-19,1,7,False,2000-07-27
26,1,2,7,7,KGID100026,Adya,1992-12-03,1,4,False,2008-12-11
27,1,2,2,6,KGID100027,Mohini,1979-10-31,1,8,False,2025-06-11
28,1,2,2,2,KGID100028,Lakshit,1984-11-05,1,6,False,1999-02-27
29,2,3,3,1,KGID100029,Champak,1996-10-20,1,1,False,2000-12-14
30,2,3,7,7,KGID100030,Nathaniel,1994-06-15,1,4,False,2008-10-06
31,2,3,2,5,KGID100031,Devansh,1980-08-09,1,8,False,2013-10-20
32,2,3,2,4,KGID100032,Upadhriti,1985-07-07,1,2,False,2024-09-06
33,2,3,2,4,KGID100033,Advay,1990-08-27,1,1,False,1999-11-05
34,2,3,9,1,KGID100034,Amara,1993-08-28,1,6,False,2006-05-22
35,2,3,1,2,KGID100035,Chaaya,1982-04-22,1,8,False,2009-09-05
36,2,3,1,4,KGID100036,Adya,2000-07-26,1,2,False,2018-08-14
37,2,3,6,5,KGID100037,Yashica,1998-07-21,1,1,False,2021-10-07
38,2,3,7,7,KGID100038,Chanchal,1996-02-21,1,7,False,2011-03-31
39,2,3,1,4,KGID100039,Rushil,1972-09-20,2,3,False,2018-08-20
40,2,4,1,7,KGID100040,Aadi,1987-11-21,2,5,False,2010-09-10
41,2,4,8,7,KGID100041,Isaac,1999-02-11,1,8,False,2022-01-02
42,2,4,1,1,KGID100042,Damyanti,1975-08-31,1,1,False,2003-07-05
43,2,4,1,5,KGID100043,Farhan,1970-06-08,1,3,False,2010-08-13
44,2,4,3,7,KGID100044,Ekapad,2000-10-10,1,2,False,2011-12-21
45,2,4,1,1,KGID100045,Jeremiah,1971-11-21,2,4,False,2010-04-22
46,2,4,1,1,KGID100046,Noah,1976-07-14,1,6,False,2021-10-27
47,2,4,1,6,KGID100047,Pallavi,2000-04-24,1,5,False,2023-06-18
48,2,4,4,3,KGID100048,Sai,1991-10-07,1,2,True,2008-02-04
49,2,4,3,5,KGID100049,Kashvi,1982-06-02,2,2,False,2011-07-14
50,2,4,3,2,KGID100050,Jai,1975-12-14,2,2,False,1998-05-19
51,2,4,2,2,KGID100051,Ansh,1987-07-12,1,5,False,2003-03-13
52,2,4,9,6,KGID100052,Thomas,1967-10-08,1,5,False,2017-01-18
53,2,4,1,2,KGID100053,Daniel,1975-04-23,1,2,False,2022-10-12
54,3,5,1,5,KGID100054,Ganga,1969-12-06,1,6,False,2003-06-04
55,3,5,3,3,KGID100055,Vedika,1974-10-22,1,5,False,2000-05-11
56,3,5,5,1,KGID100056,Urvashi,1975-10-14,1,5,False,2010-03-28
57,3,5,2,2,KGID100057,Niharika,1973-12-30,1,5,False,1999-05-02
58,3,5,2,6,KGID100058,Raagini,1979-07-28,1,1,False,2008-06-11
59,3,5,8,6,KGID100059,Chatura,1990-06-02,2,1,False,2025-01-23
60,3,5,3,2,KGID100060,Guneet,1969-08-01,1,1,False,2017-08-22
61,3,5,6,7,KGID100061,Ikbal,1975-12-24,2,1,False,2002-01-14
62,3,5,1,2,KGID100062,Saumya,1972-04-15,1,6,False,2001-11-04
63,3,5,6,4,KGID100063,Turvi,1976-01-07,2,3,False,2023-04-19
64,3,6,6,7,KGID100064,Saanvi,1994-12-30,2,7,False,2021-05-06
65,3,6,4,3,KGID100065,Guneet,1969-03-30,2,7,False,2025-07-02
66,3,6,6,7,KGID100066,Alexander,2000-06-20,1,3,False,2023-05-22
67,3,6,1,7,KGID100067,Warjas,1973-03-06,1,8,False,2010-08-09
68,3,6,5,4,KGID100068,Tanay,1996-12-03,1,4,False,2022-09-10
69,3,6,4,4,KGID100069,Nitesh,1980-05-29,1,2,False,2025-02-04
70,3,6,1,6,KGID100070,Alka,1999-01-10,1,6,False,2019-04-17
71,3,6,1,3,KGID100071,Bhavika,1981-11-27,1,5,False,2024-04-13
72,3,6,3,3,KGID100072,Vidhi,1972-10-14,1,6,False,2005-02-15
73,3,6,9,1,KGID100073,Dalbir,1987-03-20,1,4,False,2012-03-30
74,3,6,4,1,KGID100074,Dipta,1969-06-19,1,4,False,2013-06-18
75,3,7,8,3,KGID100075,Yadavi,1998-10-13,1,2,False,2011-12-04
76,3,7,2,3,KGID100076,Dakshesh,2000-03-10,1,6,False,1998-11-05
77,3,7,1,2,KGID100077,Quincy,1969-11-07,1,7,False,1998-06-29
78,3,7,7,5,KGID100078,Wahab,1981-04-02,1,7,False,2023-10-30
79,3,7,1,3,KGID100079,Yatin,1987-03-17,1,6,False,1997-09-03
80,3,7,2,2,KGID100080,Finn,1981-10-11,1,3,False,2013-06-13
81,3,7,1,6,KGID100081,Diya,1999-04-22,1,6,False,2002-06-12
82,3,7,8,2,KGID100082,Dipta,1975-08-22,1,4,False,2008-01-01
83,3,7,1,1,KGID100083,Charita,1983-01-26,1,8,False,2023-06-19
84,3,8,2,6,KGID100084,Elijah,1967-11-03,1,7,False,2014-07-15
85,3,8,1,6,KGID100085,Harish,1970-01-05,1,2,False,2002-09-14
86,3,8,1,7,KGID100086,Alka,1972-01-10,2,8,False,2006-08-23
87,3,8,1,7,KGID100087,Ekapad,1997-06-02,1,3,False,2007-03-29
88,3,8,4,5,KGID100088,Nakul,1982-06-03,1,8,False,2012-04-10
89,3,8,4,5,KGID100089,Chasmum,1988-04-27,1,8,False,2025-02-24
90,3,8,4,4,KGID100090,Abhiram,1990-03-26,1,4,False,2012-08-09
91,3,8,1,7,KGID100091,Hemang,1999-06-13,1,4,False,2000-06-01
92,3,8,1,3,KGID100092,Jack,1997-10-10,1,6,False,2018-01-19
93,4,9,1,2,KGID100093,Nachiket,1976-10-13,1,3,False,2014-01-23
94,4,9,1,4,KGID100094,Hemal,1974-06-12,1,8,False,2014-11-30
95,4,9,1,4,KGID100095,Aishani,1984-09-15,1,1,False,2003-10-21
96,4,9,5,4,KGID100096,Charan,1970-08-30,1,6,False,2008-10-21
97,4,9,2,7,KGID100097,Aradhana,1969-01-08,1,4,False,2006-03-13
98,4,9,1,4,KGID100098,Kalpit,1989-03-09,1,6,False,2004-02-13
99,4,9,5,6,KGID100099,Riya,1986-04-13,1,8,False,2008-12-04
100,4,9,9,5,KGID100100,Aditya,1971-04-30,1,7,False,2023-12-05
101,4,9,4,1,KGID100101,Manthan,1986-01-27,1,3,False,2020-09-22
102,4,10,1,4,KGID100102,Manbir,1982-02-19,1,8,False,1997-09-26
103,4,10,5,4,KGID100103,Janya,1998-02-02,1,7,False,2019-08-11
104,4,10,1,1,KGID100104,Balveer,1998-02-01,1,1,False,2002-08-13
105,4,10,2,6,KGID100105,Zaid,1990-03-14,1,1,False,2006-10-12
106,4,10,8,2,KGID100106,Niharika,2000-08-20,2,3,False,2018-04-04
107,4,10,2,1,KGID100107,Warjas,1996-12-02,1,4,False,2024-10-30
108,4,10,1,3,KGID100108,Peter,1997-06-29,1,2,False,1997-03-29
109,4,10,1,3,KGID100109,Gaurangi,1994-02-15,1,1,False,2008-06-17
110,4,10,3,4,KGID100110,Yuvraj,1976-08-05,1,4,False,2019-05-10
111,4,10,4,6,KGID100111,Hritik,1980-07-12,1,5,False,1997-08-24
112,4,11,5,5,KGID100112,Upma,1975-02-01,2,6,False,2020-03-15
113,4,11,4,1,KGID100113,Triveni,1979-05-31,1,6,True,2020-04-26
114,4,11,2,4,KGID100114,Vedant,1975-02-07,1,6,False,2015-08-31
115,4,11,5,6,KGID100115,Mohini,1978-09-07,1,3,False,2021-08-03
116,4,11,8,3,KGID100116,Arya,1979-06-18,1,8,False,2011-04-18
117,4,11,5,5,KGID100117,Garima,1999-06-17,1,4,False,1999-11-13
118,4,11,1,4,KGID100118,Advika,1973-08-05,1,8,False,2024-06-08
119,4,11,4,3,KGID100119,Alka,1968-10-28,1,6,False,2013-10-27
120,4,11,1,7,KGID100120,Hemani,1992-04-17,1,5,False,2005-08-14
121,5,12,3,5,KGID100121,Yasti,1971-06-16,2,2,False,2022-08-10
122,5,12,2,5,KGID100122,Ranveer,1976-03-08,2,8,False,2017-01-28
123,5,12,2,7,KGID100123,Aarav,1985-03-14,1,5,False,2019-11-29
124,5,12,4,3,KGID100124,Ronith,1979-11-28,1,6,False,1998-07-21
125,5,12,3,4,KGID100125,Ganga,1988-09-16,2,6,False,2015-10-05
126,5,12,2,3,KGID100126,Jeet,1991-12-30,1,2,False,2005-03-26
127,5,12,2,6,KGID100127,Dayamai,1990-03-14,1,3,False,2005-12-24
128,5,12,4,3,KGID100128,Chakrika,1986-05-17,1,5,False,2002-01-31
129,5,12,5,3,KGID100129,Ladli,1990-07-21,1,3,False,2022-09-14
130,5,12,4,2,KGID100130,Charvi,1981-05-01,1,1,False,2020-09-12
131,5,12,4,2,KGID100131,Daksha,1977-04-12,1,8,False,2008-12-27
132,5,12,1,3,KGID100132,Ekanta,1983-05-02,1,8,False,2009-05-06
133,5,13,1,7,KGID100133,Tanay,1984-11-26,1,2,False,2019-07-17
134,5,13,1,6,KGID100134,Omkaar,1989-12-04,1,3,False,2004-10-01
135,5,13,3,3,KGID100135,Gautami,1970-09-12,1,4,False,2024-02-17
136,5,13,5,5,KGID100136,Wahab,1990-05-26,1,4,False,2003-01-14
137,5,13,2,4,KGID100137,Rushil,1972-07-13,1,7,False,1997-11-11
138,5,13,3,5,KGID100138,Vaishnavi,1988-04-22,2,2,False,2018-10-22
139,5,13,1,2,KGID100139,Tamanna,1981-08-12,1,2,False,2014-10-14
140,5,13,1,1,KGID100140,Robert,1991-12-13,1,7,False,2007-08-29
141,5,14,1,2,KGID100141,Mugdha,1975-10-27,1,5,False,2015-07-19
142,5,14,2,6,KGID100142,Abdul,1997-11-15,1,5,False,2021-06-22
143,5,14,3,6,KGID100143,Hredhaan,1993-12-28,2,4,False,2002-11-13
144,5,14,3,6,KGID100144,Zarna,1983-04-27,1,5,False,2012-09-08
145,5,14,1,2,KGID100145,Jairaj,1983-01-16,2,5,False,2019-10-06
146,5,14,2,3,KGID100146,Edhitha,1999-10-29,1,5,False,2022-05-16
147,5,14,2,1,KGID100147,Yamini,1982-01-12,1,7,False,2022-10-27
148,5,14,3,1,KGID100148,Sanaya,1998-01-11,1,1,False,2018-02-01
149,5,14,4,3,KGID100149,Vaishnavi,1982-10-29,1,3,False,2018-04-28
150,5,14,4,3,KGID100150,Aradhana,1993-07-24,1,7,False,2011-08-22
151,5,14,2,1,KGID100151,William,1976-11-10,1,7,False,1998-10-08
152,5,14,4,7,KGID100152,Bhavika,1975-07-01,1,7,False,2006-04-06
153,5,14,1,4,KGID100153,Faris,1972-03-24,2,1,False,2003-03-25
154,5,14,2,3,KGID100154,Michael,1991-07-18,1,7,False,1998-05-21
155,5,14,5,1,KGID100155,Nikita,1978-10-10,1,8,False,2010-01-13
156,6,15,3,5,KGID100156,David,1974-07-22,2,8,False,2008-09-15
157,6,15,1,5,KGID100157,Anmol,1996-08-26,1,5,False,2018-09-22
158,6,15,4,1,KGID100158,Lajita,1983-09-28,1,4,False,2023-11-11
159,6,15,2,1,KGID100159,Chanchal,1993-02-21,1,2,False,2021-04-09
160,6,15,5,1,KGID100160,Oni,1985-10-28,1,2,False,2017-10-29
161,6,15,1,6,KGID100161,Thomas,1984-02-15,1,5,False,2004-06-08
162,6,15,2,4,KGID100162,Vedika,1968-07-05,1,3,False,2006-04-09
163,6,15,7,5,KGID100163,Nidhi,1992-02-23,1,3,False,2020-11-23
164,6,15,1,7,KGID100164,Joshua,2000-11-13,2,6,False,2012-01-05
165,6,15,3,7,KGID100165,Meera,1987-08-25,1,5,False,2015-10-01
166,6,15,3,6,KGID100166,Fiyaz,1989-05-18,1,3,False,2000-06-16
167,6,16,2,5,KGID100167,Triya,1973-09-13,2,7,False,2004-01-25
168,6,16,2,2,KGID100168,Falak,1974-09-20,2,4,False,2005-12-31
169,6,16,1,7,KGID100169,Ladli,1976-12-25,1,6,False,2024-02-09
170,6,16,4,7,KGID100170,Oviya,1976-02-06,1,3,False,1998-11-24
171,6,16,1,5,KGID100171,Anirudh,1992-12-28,2,6,False,1998-01-12
172,6,16,6,4,KGID100172,Inaya,1975-02-23,1,8,True,1998-07-06
173,6,16,1,7,KGID100173,Banjeet,1993-03-02,1,3,False,2024-01-23
174,6,16,5,3,KGID100174,Ryan,1996-01-22,1,7,False,2014-07-17
175,6,16,6,7,KGID100175,William,1971-10-25,1,7,False,2015-12-08
176,6,16,3,7,KGID100176,Tejas,1983-05-03,1,1,False,2003-12-15
177,6,16,1,6,KGID100177,Jyoti,1973-03-24,2,4,False,2014-02-17
178,6,16,2,1,KGID100178,Ishwar,1993-12-20,2,2,False,2001-04-09
179,6,16,4,1,KGID100179,Deepa,1971-03-14,1,1,False,1997-04-07
180,6,16,2,2,KGID100180,Devika,1987-02-06,1,7,False,2022-11-08
181,6,16,5,2,KGID100181,Keya,1981-01-04,1,7,False,2017-04-04
182,6,17,2,5,KGID100182,Faqid,1987-08-28,1,8,False,2020-08-10
183,6,17,2,6,KGID100183,Xavier,1970-12-27,1,8,False,2018-12-04
184,6,17,4,2,KGID100184,Jai,1994-08-06,1,6,False,2012-12-07
185,6,17,1,4,KGID100185,Benjamin,1979-04-30,1,8,False,2008-12-11
186,6,17,1,4,KGID100186,Kamala,1969-11-13,2,2,False,2015-04-20
187,6,17,3,5,KGID100187,Advik,1996-05-29,1,5,False,2020-05-15
188,6,17,5,4,KGID100188,Hitesh,1982-04-06,1,1,False,2007-01-10
189,6,17,4,7,KGID100189,Tripti,1991-07-29,2,5,False,2009-02-24
190,6,17,1,7,KGID100190,Anamika,1988-06-19,1,4,False,2023-03-11
191,6,17,4,6,KGID100191,Veda,1983-05-01,2,3,False,2020-06-20
192,6,17,7,6,KGID100192,Amrita,1978-06-25,1,8,False,2003-08-23
193,7,18,4,1,KGID100193,Gabriel,1977-01-03,2,6,False,2009-08-05
194,7,18,1,2,KGID100194,Ucchal,1986-11-24,2,6,False,2015-11-25
195,7,18,7,7,KGID100195,Gayathri,1968-07-01,1,8,False,2021-03-14
196,7,18,1,7,KGID100196,Qabil,1984-02-06,1,2,False,2006-10-24
197,7,18,1,7,KGID100197,Aarna,1979-02-04,2,7,False,2022-01-19
198,7,18,5,3,KGID100198,Anya,1986-06-03,1,7,True,2011-07-04
199,7,18,3,4,KGID100199,Rayaan,1970-06-08,1,5,False,2017-05-28
200,7,18,5,3,KGID100200,Vrinda,1986-05-26,1,4,False,2003-06-29
201,7,18,3,5,KGID100201,Vamakshi,1989-06-26,1,4,False,2010-10-03
202,7,18,3,4,KGID100202,Anay,1970-09-08,2,5,False,2002-12-13
203,7,18,1,1,KGID100203,Yagnesh,1977-12-07,2,5,False,2013-05-21
204,7,18,1,2,KGID100204,Urvashi,1986-05-05,2,3,False,2006-06-29
205,7,18,2,6,KGID100205,Ganga,1979-06-27,1,7,False,2009-09-06
206,7,19,6,6,KGID100206,Damini,1976-01-27,1,8,False,2000-01-08
207,7,19,7,3,KGID100207,Reyansh,1978-04-02,1,6,False,2018-01-24
208,7,19,2,2,KGID100208,Qasim,1974-01-13,2,2,False,2017-12-10
209,7,19,2,6,KGID100209,Aradhana,1992-02-28,1,7,False,2024-11-04
210,7,19,8,7,KGID100210,Barkha,2000-11-10,2,2,False,2020-09-01
211,7,19,3,5,KGID100211,Chaman,1975-04-05,2,1,False,2001-09-22
212,7,19,1,2,KGID100212,Akshay,1991-08-06,2,4,False,2000-03-11
213,7,19,5,2,KGID100213,Chakradev,2000-08-25,1,4,False,2012-07-27
214,7,19,1,5,KGID100214,Jonathan,1989-03-18,1,3,False,2018-05-09
215,7,19,3,7,KGID100215,Harshil,1997-03-13,1,1,False,2013-03-03
216,8,20,5,2,KGID100216,Upasna,1983-10-20,1,1,False,2006-05-27
217,8,20,1,6,KGID100217,Charan,1976-02-09,1,2,False,2021-07-06
218,8,20,2,7,KGID100218,Ishaan,1995-06-23,1,2,False,2008-02-22
219,8,20,1,5,KGID100219,Ethan,1987-02-22,1,5,False,2016-06-05
220,8,20,8,1,KGID100220,Max,1972-08-05,2,7,False,2012-11-04
221,8,20,1,6,KGID100221,Daksha,1970-06-02,2,2,False,2003-09-20
222,8,20,2,2,KGID100222,Omaja,1988-02-20,1,5,False,2019-06-15
223,8,20,3,6,KGID100223,Upkaar,1993-11-24,1,5,False,2007-07-21
224,8,20,3,1,KGID100224,Saanvi,1977-08-19,2,2,False,2013-08-03
225,8,20,4,7,KGID100225,Pushti,1977-11-27,1,4,False,2014-07-13
226,8,20,6,4,KGID100226,Hardik,1999-09-29,1,8,False,2002-07-19
227,8,20,4,3,KGID100227,Siddharth,1976-07-09,1,5,False,1998-11-16
228,8,20,1,4,KGID100228,Wriddhish,1973-06-07,1,2,False,1998-09-13
229,8,21,4,3,KGID100229,Aarnav,1981-05-31,2,1,False,2016-07-06
230,8,21,3,3,KGID100230,Upma,1977-06-05,1,7,False,2003-03-27
231,8,21,4,7,KGID100231,Barkha,1991-06-05,1,1,False,2009-09-09
232,8,21,3,3,KGID100232,Vivaan,1998-12-09,1,4,False,2019-05-15
233,8,21,2,7,KGID100233,Rudra,1981-12-23,1,6,False,2012-04-25
234,8,21,1,2,KGID100234,Manthan,1998-05-30,2,1,False,2020-06-29
235,8,21,4,6,KGID100235,Ekbal,1969-07-20,1,3,False,2019-07-05
236,8,21,5,3,KGID100236,Bhavya,1982-06-15,1,3,False,2010-02-11
237,8,21,3,4,KGID100237,Daksha,1991-04-25,1,1,False,2023-11-10
238,9,22,2,4,KGID100238,Xiti,1985-11-19,1,6,False,2009-03-20
239,9,22,2,5,KGID100239,Balveer,1997-10-06,1,1,False,2017-10-28
240,9,22,5,1,KGID100240,Zashil,1968-05-27,1,5,False,2003-02-28
241,9,22,2,5,KGID100241,Ansh,2001-07-05,1,5,False,2016-01-07
242,9,22,3,3,KGID100242,Amruta,1987-02-12,1,5,False,2018-08-26
243,9,22,3,5,KGID100243,Parth,1983-07-10,1,1,False,2015-06-01
244,9,22,9,1,KGID100244,Arunima,1973-09-10,1,5,False,2013-06-30
245,9,22,5,7,KGID100245,Vyanjana,2000-06-21,1,6,False,2010-02-25
246,9,22,2,4,KGID100246,Nilima,1978-11-09,1,7,False,2015-12-16
247,9,22,1,5,KGID100247,Naveen,1978-09-26,2,6,False,2016-08-21
248,9,22,6,1,KGID100248,Bhavya,1990-01-19,1,8,False,2008-02-19
249,9,23,3,5,KGID100249,Balhaar,1982-12-27,1,7,False,2005-08-23
250,9,23,2,3,KGID100250,Ekiya,1971-06-19,1,8,False,2018-12-04
251,9,23,7,1,KGID100251,Yoshita,1995-07-28,1,2,False,1996-07-22
252,9,23,3,5,KGID100252,Turvi,1981-07-29,1,5,False,2001-12-17
253,9,23,1,7,KGID100253,Janaki,1988-09-10,1,2,False,2010-12-24
254,9,23,1,7,KGID100254,Riya,1993-05-13,1,3,False,2002-06-05
255,9,23,1,2,KGID100255,Karan,1999-01-24,1,3,False,2009-03-24
256,9,23,4,2,KGID100256,Vedhika,1971-08-26,2,8,False,2024-09-28
257,9,23,3,5,KGID100257,Wriddhish,1991-08-28,1,6,False,2005-07-14
258,9,23,3,2,KGID100258,Akshay,1986-04-20,1,8,False,1999-03-24
259,9,23,2,3,KGID100259,Ishaan,1983-03-19,1,6,False,1999-12-06
260,9,23,2,4,KGID100260,Mitesh,1984-06-20,1,6,False,2017-04-21
261,9,23,1,7,KGID100261,Yashodhara,1991-07-05,2,2,False,2008-07-27
262,9,24,2,5,KGID100262,Vasudha,2000-11-07,2,1,False,2003-08-04
263,9,24,5,6,KGID100263,Maanav,1980-07-25,1,8,False,2023-04-04
264,9,24,8,4,KGID100264,Yashoda,1992-11-24,1,6,False,2000-06-24
265,9,24,1,6,KGID100265,Ekaraj,1976-11-30,1,4,False,2019-06-07
266,9,24,10,5,KGID100266,Oeshi,1979-01-29,1,3,False,2019-05-14
267,9,24,7,4,KGID100267,Amara,1995-06-04,1,6,False,2004-09-21
268,9,24,1,6,KGID100268,Chanchal,1995-12-31,1,2,False,2013-05-04
269,9,24,3,4,KGID100269,Vrishti,1996-12-10,1,3,False,2009-06-21
270,9,24,3,2,KGID100270,Veda,1979-04-05,2,5,False,2012-07-11
271,9,24,4,4,KGID100271,Krishna,1983-01-02,1,2,False,2005-11-08
272,9,24,2,7,KGID100272,Ranbir,2000-11-14,1,3,False,2003-06-13
273,9,24,5,6,KGID100273,Leela,1975-06-19,2,2,False,2019-01-05
274,9,24,2,3,KGID100274,Caleb,1978-05-05,1,5,False,2010-03-28
275,9,24,1,7,KGID100275,Lakshmi,1980-08-25,1,4,False,2015-10-08
276,9,25,1,7,KGID100276,Max,1984-05-13,2,1,False,1997-08-06
277,9,25,6,5,KGID100277,Yadavi,2000-05-06,1,7,False,2006-02-24
278,9,25,1,6,KGID100278,Harish,1997-03-31,2,3,False,2009-04-16
279,9,25,1,3,KGID100279,Tanmayi,1968-01-17,1,4,False,2000-09-13
280,9,25,3,7,KGID100280,Mohammed,1970-01-25,1,8,False,2019-03-09
281,9,25,1,7,KGID100281,Alka,1979-01-13,2,4,False,2016-08-11
282,9,25,8,4,KGID100282,Faris,1996-06-26,1,5,False,2021-03-28
283,9,25,3,4,KGID100283,Lajita,1999-12-19,2,4,False,2014-09-13
284,9,25,1,3,KGID100284,Vinaya,1997-03-09,1,8,False,1997-07-25
285,9,25,3,1,KGID100285,Ekapad,1975-07-04,1,2,False,2016-05-15
286,9,26,1,5,KGID100286,Bhavna,2001-06-09,1,7,False,2018-03-06
287,9,26,7,7,KGID100287,Radha,2000-10-14,1,6,False,2018-07-28
288,9,26,2,4,KGID100288,Harish,1982-08-11,1,4,False,2016-08-24
289,9,26,1,2,KGID100289,Ayush,1969-02-01,1,2,False,2019-08-11
290,9,26,3,7,KGID100290,Chaaya,1979-09-17,1,1,False,2009-01-04
291,9,26,5,6,KGID100291,Yash,1985-08-01,2,8,False,2012-12-07
292,9,26,1,1,KGID100292,Pranit,1973-04-21,1,4,False,1998-10-24
293,9,26,3,6,KGID100293,Lavanya,1988-08-05,1,7,False,2003-07-04
294,9,26,1,3,KGID100294,Luke,1975-06-02,1,4,False,2015-01-08
295,9,26,5,4,KGID100295,Tripti,1976-03-15,1,8,False,1996-10-17
296,10,27,3,5,KGID100296,Udyati,1998-03-02,1,3,False,2016-03-04
297,10,27,1,3,KGID100297,Nakul,1970-01-13,1,7,False,2023-12-07
298,10,27,4,5,KGID100298,Chandani,1989-03-31,2,2,False,2008-10-29
299,10,27,3,7,KGID100299,Zashil,1983-01-21,2,1,False,2005-04-14
300,10,27,2,6,KGID100300,Leena,1996-07-15,1,6,False,1999-08-13
301,10,27,1,7,KGID100301,Lakshmi,1986-12-20,1,4,False,2013-03-11
302,10,27,3,7,KGID100302,Chakrika,1968-04-08,1,6,False,2020-08-04
303,10,27,2,3,KGID100303,Meghana,1976-11-08,2,3,False,2012-12-07
304,10,28,9,4,KGID100304,Chandran,1998-06-26,1,3,False,2018-02-17
305,10,28,5,4,KGID100305,Bhavini,1993-11-24,1,4,False,2003-03-13
306,10,28,1,1,KGID100306,Indira,1974-12-20,1,5,False,2002-01-13
307,10,28,9,5,KGID100307,Zashil,1990-07-27,1,1,False,2017-06-06
308,10,28,1,3,KGID100308,Laksh,1988-11-19,2,1,False,2022-09-20
309,10,28,2,1,KGID100309,Balveer,1978-01-10,2,7,False,2009-04-22
310,10,28,4,4,KGID100310,Janya,1992-06-04,1,3,False,1999-02-19
311,10,28,2,7,KGID100311,Chakrika,1978-08-19,1,2,False,2008-07-28
312,10,28,1,5,KGID100312,Sai,1972-01-07,2,3,False,2012-03-01
313,10,28,2,1,KGID100313,Jasmit,1985-07-28,1,5,False,2023-01-05
314,10,28,3,4,KGID100314,Nitesh,1976-04-05,1,8,False,2020-06-09
315,10,28,1,7,KGID100315,Vasatika,2000-05-31,2,7,False,2005-01-30
316,10,28,9,1,KGID100316,Hamsini,1994-11-13,1,7,False,2010-02-07
317,10,28,5,6,KGID100317,Faqid,1972-04-23,1,1,False,2024-07-20
318,10,28,3,7,KGID100318,Mekhala,2000-05-30,1,3,False,2019-11-09
319,11,29,2,5,KGID100319,Jasmit,1970-08-05,1,3,False,2007-12-19
320,11,29,8,3,KGID100320,Aishani,1985-10-07,1,2,False,2009-09-17
321,11,29,3,4,KGID100321,Adweta,1987-05-26,1,5,False,2020-05-16
322,11,29,1,6,KGID100322,Kamya,1971-03-17,1,7,False,2003-04-21
323,11,29,1,7,KGID100323,Aryan,1988-08-03,1,8,False,2023-11-16
324,11,29,3,6,KGID100324,Falak,1998-08-23,2,8,False,2002-12-10
325,11,29,1,1,KGID100325,Dev,1989-02-16,1,8,False,2009-12-26
326,11,29,5,7,KGID100326,Chasmum,1989-08-06,2,6,False,1999-11-27
327,11,29,3,3,KGID100327,Chakradev,1999-09-12,2,3,False,2005-05-07
328,11,29,7,6,KGID100328,Waida,1971-06-22,1,6,False,2003-05-02
329,11,29,1,2,KGID100329,Krishna,1980-09-26,2,4,False,2007-04-13
330,11,29,1,5,KGID100330,Oni,1987-06-30,1,8,False,2017-08-05
331,11,29,3,5,KGID100331,Oeshi,1989-10-16,2,2,False,2020-09-12
332,11,30,3,7,KGID100332,Nikita,1999-06-15,1,2,False,2004-08-20
333,11,30,2,1,KGID100333,Kamala,1974-11-29,1,6,False,2009-06-02
334,11,30,5,5,KGID100334,Warinder,1996-08-10,1,3,False,1999-05-28
335,11,30,1,5,KGID100335,Jhalak,1986-01-13,2,1,False,2024-11-17
336,11,30,3,3,KGID100336,Jagrati,1969-07-31,1,6,False,2004-07-10
337,11,30,1,5,KGID100337,Jason,1999-10-16,2,2,False,2020-06-03
338,11,30,3,5,KGID100338,Gavin,1990-01-21,1,5,False,2015-02-17
339,11,30,1,6,KGID100339,Ansh,1969-03-30,1,3,False,2006-03-12
340,11,30,3,5,KGID100340,Jeremiah,1994-04-13,1,1,False,2002-06-22
341,11,30,1,1,KGID100341,Sarthak,1987-06-18,2,5,False,2020-02-06
342,11,30,5,4,KGID100342,Viraj,1978-09-11,1,1,False,2000-10-19
343,11,30,3,3,KGID100343,Aarnav,1976-12-13,1,5,False,2025-01-21
344,11,30,5,6,KGID100344,Kalpit,1985-11-21,1,8,False,2019-09-05
345,11,30,1,4,KGID100345,Imaran,1989-12-31,1,8,False,1997-04-09
346,11,30,3,3,KGID100346,Alexander,1979-09-15,2,6,False,2019-05-22
347,12,31,9,2,KGID100347,Ekiya,1968-01-22,2,2,False,2004-03-20
348,12,31,2,3,KGID100348,Jonathan,1992-09-28,1,3,False,2011-10-12
349,12,31,1,4,KGID100349,Devansh,1983-09-19,2,7,False,2019-01-31
350,12,31,6,2,KGID100350,Yochana,1987-09-16,2,6,False,2009-08-18
351,12,31,1,5,KGID100351,Timothy,1999-09-02,1,5,False,1997-10-12
352,12,31,1,4,KGID100352,Charvi,1983-02-05,1,4,False,2024-06-23
353,12,31,2,1,KGID100353,Darsh,2001-06-23,1,8,False,2021-02-03
354,12,31,1,1,KGID100354,Pooja,1990-11-07,1,5,False,2010-09-27
355,12,31,5,3,KGID100355,Sachi,1970-01-08,1,1,False,1998-11-12
356,12,31,1,5,KGID100356,Manbir,1969-10-03,1,7,False,2004-06-30
357,12,31,5,3,KGID100357,Ekta,1980-06-22,2,2,False,2013-11-05
358,12,31,1,3,KGID100358,Chaitaly,1982-12-13,2,6,False,2014-01-29
359,12,31,2,2,KGID100359,Hardik,1994-06-28,1,7,False,1999-11-03
360,12,32,1,6,KGID100360,Tanveer,1982-02-23,1,8,False,2022-04-11
361,12,32,1,5,KGID100361,Odika,1979-01-18,1,6,False,2009-09-03
362,12,32,10,6,KGID100362,Ojasvi,1992-05-01,2,6,False,2005-08-02
363,12,32,3,4,KGID100363,Dhriti,1990-02-19,1,5,False,2007-05-18
364,12,32,1,3,KGID100364,Michael,1990-11-16,1,7,False,2010-04-11
365,12,32,5,6,KGID100365,Gavin,1995-10-21,2,1,False,1999-03-24
366,12,32,1,6,KGID100366,Gopal,1992-11-03,2,4,False,2007-05-01
367,12,32,3,2,KGID100367,Kalpit,1986-06-10,1,7,False,2013-07-12
368,13,33,1,6,KGID100368,Forum,1990-04-21,1,1,False,2008-06-08
369,13,33,2,4,KGID100369,Pallavi,1997-01-14,1,7,False,2017-06-07
370,13,33,3,4,KGID100370,Bhavna,1987-12-09,2,1,False,2006-09-20
371,13,33,3,5,KGID100371,Yashica,1974-10-04,1,8,False,2015-07-27
372,13,33,2,2,KGID100372,Udarsh,1996-05-01,1,6,False,2006-09-04
373,13,33,4,7,KGID100373,Jhalak,1971-06-06,1,5,False,2004-08-07
374,13,33,1,2,KGID100374,Upkaar,1994-12-20,1,5,False,2021-01-11
375,13,33,9,3,KGID100375,Atharv,1988-03-25,2,4,False,2015-08-07
376,13,33,2,4,KGID100376,Amara,1968-07-04,1,5,False,2004-06-12
377,13,33,3,5,KGID100377,Dayamai,1998-11-09,1,7,False,2006-09-14
378,13,33,8,7,KGID100378,Pratyush,1997-02-05,1,1,False,2012-12-11
379,13,34,2,4,KGID100379,Nandini,1969-11-21,1,8,False,2018-01-04
380,13,34,5,3,KGID100380,Azaan,1970-08-23,2,5,False,2011-11-27
381,13,34,3,5,KGID100381,Krisha,1981-10-18,1,1,False,2006-05-29
382,13,34,3,6,KGID100382,Kala,1978-02-13,1,2,False,2005-12-05
383,13,34,4,1,KGID100383,Frado,1997-07-23,1,3,True,2001-01-12
384,13,34,3,2,KGID100384,Chandran,1990-06-10,1,8,False,2004-05-31
385,13,34,1,3,KGID100385,Panini,1984-01-14,1,1,False,2009-05-05
386,13,34,1,5,KGID100386,Anjali,1974-11-08,1,1,False,2011-05-19
387,13,34,1,7,KGID100387,Hemani,1982-02-21,1,1,False,2004-09-26
388,13,35,5,2,KGID100388,Vidhi,1985-06-09,2,5,False,2005-06-19
389,13,35,1,5,KGID100389,Thomas,1980-12-17,1,6,False,2013-11-26
390,13,35,9,5,KGID100390,Abhimanyu,1974-06-22,1,3,False,2023-12-08
391,13,35,2,2,KGID100391,Laksh,1993-07-04,2,6,False,2004-11-30
392,13,35,2,3,KGID100392,Jagdish,1967-10-14,1,1,False,2018-03-09
393,13,35,5,5,KGID100393,Parth,1971-12-01,1,4,False,2011-12-20
394,13,35,6,4,KGID100394,Victor,1984-07-13,2,6,False,2020-09-08
395,13,35,4,2,KGID100395,Irya,1969-12-22,2,8,False,2021-07-06
396,13,35,1,3,KGID100396,Brijesh,1982-05-10,1,8,False,2009-11-08
397,13,35,8,3,KGID100397,Faras,1996-11-01,1,1,False,2013-03-21
398,13,35,2,2,KGID100398,Nidhi,1991-08-25,1,2,False,2008-08-20
399,13,35,1,6,KGID100399,Ishwar,1981-04-18,1,5,False,2024-07-16
400,13,35,3,3,KGID100400,Onveer,1994-10-08,1,4,False,2014-06-13
401,13,35,1,2,KGID100401,Janaki,1970-07-09,1,6,False,2021-01-04
402,14,36,5,7,KGID100402,Yagnesh,1982-05-03,1,4,False,2008-02-19
403,14,36,4,5,KGID100403,Farhan,1980-12-24,2,2,False,2005-07-09
404,14,36,3,3,KGID100404,Harinakshi,1975-01-21,1,2,False,2019-02-12
405,14,36,3,5,KGID100405,Faraj,1984-11-17,1,3,False,1999-10-30
406,14,36,6,4,KGID100406,Yashvi,1974-02-12,1,4,False,2019-01-12
407,14,36,2,5,KGID100407,Indali,1992-04-03,1,1,False,2020-04-09
408,14,36,3,4,KGID100408,Manbir,1975-07-23,1,8,False,2000-10-08
409,14,36,2,1,KGID100409,Rudra,1973-06-03,1,1,False,2000-12-15
410,14,36,3,1,KGID100410,Faqid,1973-07-18,1,2,False,2018-12-08
411,14,36,1,1,KGID100411,Wakeeta,1983-04-19,2,8,False,2012-11-14
412,14,36,2,7,KGID100412,Saumya,1990-09-06,1,7,False,2022-02-06
413,14,36,6,4,KGID100413,Ekantika,1996-11-28,2,7,False,2014-09-17
414,14,36,4,6,KGID100414,Matthew,1982-06-23,2,3,False,2010-02-13
415,14,36,2,2,KGID100415,Chavvi,1994-08-07,2,7,False,2013-09-03
416,14,36,4,2,KGID100416,Indira,1984-10-09,2,1,False,2005-07-10
417,14,37,4,5,KGID100417,Siya,1968-10-20,1,7,False,2007-03-20
418,14,37,1,3,KGID100418,Bhavini,1970-02-17,1,4,False,2021-08-02
419,14,37,4,1,KGID100419,Gautam,1988-06-07,1,7,False,2011-03-24
420,14,37,7,1,KGID100420,Turvi,1987-04-04,1,2,False,2024-03-12
421,14,37,1,5,KGID100421,Benjamin,1982-10-25,1,1,False,2020-01-03
422,14,37,1,4,KGID100422,Raghav,1978-06-16,1,4,False,2010-04-25
423,14,37,5,2,KGID100423,Matthew,2000-02-01,1,5,False,2009-08-02
424,14,37,7,5,KGID100424,Hemal,2000-12-04,1,6,False,1998-12-20
425,14,37,6,6,KGID100425,Orinder,1968-11-08,1,7,False,2017-01-16
426,14,37,1,5,KGID100426,Reva,1985-05-05,2,3,False,2014-03-17
427,14,37,2,4,KGID100427,Januja,1980-03-14,1,6,False,2004-09-22
428,14,37,4,7,KGID100428,Nilima,1993-11-09,1,7,False,2016-03-17
429,14,37,1,2,KGID100429,Charles,1994-05-11,2,8,False,2015-04-18
430,14,37,1,7,KGID100430,Dominic,1978-09-25,1,8,False,2012-09-13
431,14,37,3,4,KGID100431,Libni,1977-03-08,1,3,False,2017-07-05
432,14,38,1,6,KGID100432,Mason,1978-11-10,1,8,False,2013-06-03
433,14,38,1,6,KGID100433,Lohit,1998-09-11,2,1,False,2005-07-08
434,14,38,4,5,KGID100434,Manya,1971-11-28,1,2,False,2017-01-28
435,14,38,5,6,KGID100435,Frado,1978-01-18,1,4,False,2007-06-12
436,14,38,6,3,KGID100436,Falguni,1995-03-04,1,1,False,2015-12-15
437,14,38,1,6,KGID100437,Girik,1989-06-27,1,8,False,2008-10-19
438,14,38,4,6,KGID100438,Janaki,1968-02-22,1,4,False,2005-06-24
439,14,38,5,4,KGID100439,Tanish,1979-02-21,1,6,False,2018-09-28
440,14,38,2,4,KGID100440,Rehaan,1975-03-24,1,8,False,2000-07-06
441,14,38,2,2,KGID100441,Faras,1977-07-31,1,7,False,2019-05-18
442,14,38,6,6,KGID100442,Yashica,1993-09-25,1,5,False,2020-09-27
443,14,38,3,6,KGID100443,Baljiwan,1990-01-11,1,3,False,2021-12-08
444,15,39,2,7,KGID100444,Karan,1987-10-31,1,6,False,2000-12-29
445,15,39,5,6,KGID100445,Pratyush,1995-10-16,1,8,False,2018-11-19
446,15,39,4,3,KGID100446,Noah,1992-01-17,1,8,False,1997-10-15
447,15,39,6,6,KGID100447,Janya,1990-07-09,2,1,False,2003-05-30
448,15,39,1,7,KGID100448,Sachi,1988-04-13,1,1,False,2018-05-05
449,15,39,5,2,KGID100449,Saumya,1975-06-25,1,3,True,2003-06-17
450,15,39,3,3,KGID100450,Upasna,1998-04-05,1,8,False,2002-02-24
451,15,39,1,5,KGID100451,Ridhi,1983-03-22,1,1,True,2004-09-10
452,15,39,4,5,KGID100452,Lavanya,1984-08-15,2,1,False,2008-08-30
453,15,39,4,4,KGID100453,Neel,1995-04-19,2,3,False,2019-10-04
454,15,39,1,2,KGID100454,Lakshit,1997-03-16,1,5,False,1998-01-13
455,15,40,5,1,KGID100455,Vasana,1997-03-30,1,7,False,2012-08-08
456,15,40,1,6,KGID100456,Harshil,1991-09-17,1,2,False,2011-06-26
457,15,40,6,7,KGID100457,Jeet,1977-03-20,1,7,False,2018-08-26
458,15,40,3,1,KGID100458,Anjali,1982-10-20,1,3,False,2011-05-30
459,15,40,5,6,KGID100459,Rajeshri,1970-08-22,2,2,False,2022-12-05
460,15,40,7,2,KGID100460,Shravya,1997-08-08,1,8,False,2023-07-04
461,15,40,7,6,KGID100461,Oeshi,1969-05-02,2,1,False,2011-01-30
462,15,40,6,1,KGID100462,Warinder,1980-08-26,2,3,False,1998-11-21
463,15,40,4,4,KGID100463,Udarsh,1968-06-25,2,5,False,2023-07-08
464,15,40,1,7,KGID100464,Gautami,1994-06-07,2,6,False,2000-07-06
465,15,40,4,7,KGID100465,Bhavini,1998-09-19,2,2,False,2010-03-23
466,15,40,9,1,KGID100466,Liam,1993-04-29,1,4,False,2010-02-15
467,16,41,3,5,KGID100467,Abdul,1998-04-28,2,7,False,1997-01-27
468,16,41,2,6,KGID100468,Tanveer,1995-11-30,1,8,False,2012-06-08
469,16,41,2,4,KGID100469,Pallavi,1971-04-21,1,7,False,2004-11-16
470,16,41,3,7,KGID100470,Charvi,1971-09-01,1,2,False,2003-06-09
471,16,41,1,6,KGID100471,Tanvi,1969-08-29,2,3,False,2020-10-14
472,16,41,2,1,KGID100472,Xalak,1987-10-24,1,5,False,1996-12-31
473,16,41,5,1,KGID100473,Yutika,1987-01-28,1,3,False,2017-05-11
474,16,41,3,5,KGID100474,Bishakha,1982-02-12,1,1,False,2014-05-09
475,16,41,3,5,KGID100475,Wridesh,1986-12-05,1,6,False,2001-12-15
476,16,41,1,4,KGID100476,Frederick,1985-04-28,1,2,False,2006-12-24
477,16,41,3,2,KGID100477,Yashica,1994-04-06,1,3,False,2011-03-30
478,16,41,1,3,KGID100478,Anmol,1980-10-19,1,8,False,2010-02-26
479,16,41,1,3,KGID100479,Lila,2000-11-17,1,8,False,2003-11-17
480,16,42,1,2,KGID100480,Amol,1979-08-31,1,8,False,1998-06-25
481,16,42,1,1,KGID100481,Wridesh,1992-06-11,1,1,False,2014-09-28
482,16,42,2,5,KGID100482,Gaurangi,1972-01-22,1,6,False,2006-09-27
483,16,42,2,7,KGID100483,Hamsini,1995-03-08,2,3,False,2001-08-07
484,16,42,3,6,KGID100484,Ucchal,2000-11-14,1,6,False,2010-05-26
485,16,42,2,3,KGID100485,Qabil,1995-02-11,1,8,False,1998-05-09
486,16,42,5,3,KGID100486,Tanvi,1968-10-12,1,7,False,2002-05-15
487,16,42,7,2,KGID100487,Ryan,1997-08-22,1,3,False,2005-09-03
488,16,42,3,6,KGID100488,Dayita,1985-01-17,1,4,False,2025-03-16
489,16,42,1,6,KGID100489,Urvashi,1976-02-19,1,7,False,2018-05-14
490,16,42,1,3,KGID100490,Rayaan,1977-04-02,1,3,False,2021-07-10
491,16,42,5,1,KGID100491,Champak,1996-12-17,1,8,False,2006-02-23
492,16,42,3,7,KGID100492,Jeet,1994-09-14,1,1,False,2009-03-12
493,16,43,4,7,KGID100493,Mugdha,1992-10-18,1,2,False,2022-06-20
494,16,43,1,6,KGID100494,Libni,1979-01-19,1,1,False,2001-12-09
495,16,43,3,6,KGID100495,Widisha,1980-01-06,1,6,False,2019-08-23
496,16,43,2,1,KGID100496,Amara,1994-10-06,1,4,False,2017-08-10
497,16,43,3,5,KGID100497,Farhan,1982-03-01,1,4,False,2025-05-19
498,16,43,2,7,KGID100498,Pranit,1986-01-26,1,3,False,2005-11-02
499,16,43,1,1,KGID100499,Fariq,1978-09-03,1,2,False,2005-02-04
500,16,43,8,2,KGID100500,Sanaya,1988-01-05,1,6,False,2008-11-17
501,16,43,1,4,KGID100501,Sachi,1979-06-23,1,2,False,1997-10-01
502,16,43,4,3,KGID100502,Ira,1988-06-05,1,1,False,2009-02-18
503,16,43,1,7,KGID100503,Dakshesh,1970-01-27,1,2,False,2015-01-04
504,16,43,1,6,KGID100504,Januja,1984-12-20,1,3,False,2018-04-08
505,16,43,2,4,KGID100505,Nathaniel,1999-12-02,2,4,False,2000-08-30
506,17,44,1,6,KGID100506,Raksha,1968-09-15,1,1,False,1998-06-22
507,17,44,6,4,KGID100507,Jeevika,1979-11-02,1,7,True,2024-01-21
508,17,44,1,3,KGID100508,Bachittar,1988-02-05,2,2,False,2016-03-19
509,17,44,5,5,KGID100509,Kamala,1980-03-04,1,6,False,2018-08-26
510,17,44,1,6,KGID100510,Laksh,1985-07-11,2,6,False,2008-01-24
511,17,44,3,5,KGID100511,Arya,1976-01-04,1,6,False,1999-10-24
512,17,44,3,7,KGID100512,Quincy,1984-06-28,1,5,False,2007-09-29
513,17,44,3,6,KGID100513,Jacob,1976-06-04,1,2,False,2004-01-26
514,17,44,1,3,KGID100514,Sanaya,1974-10-26,1,7,False,2014-04-08
515,17,44,1,4,KGID100515,Vritti,1974-05-01,1,8,False,2000-06-16
516,17,45,3,4,KGID100516,Ethan,1982-11-22,1,3,False,2022-08-01
517,17,45,2,1,KGID100517,Sai,2001-06-07,2,1,False,2020-01-10
518,17,45,1,4,KGID100518,Ekaja,1990-03-25,2,8,False,2017-02-05
519,17,45,2,6,KGID100519,Bina,1997-10-30,2,8,False,2021-03-18
520,17,45,3,7,KGID100520,Owen,1994-07-05,2,5,False,2011-04-11
521,17,45,1,3,KGID100521,Jairaj,2001-01-07,1,8,False,2019-06-29
522,17,45,5,4,KGID100522,Warjas,1994-05-25,1,2,False,1997-04-14
523,17,45,1,5,KGID100523,Jyoti,1983-06-01,2,6,False,2025-01-11
524,17,45,5,7,KGID100524,Kai,1988-04-30,1,4,False,1999-01-09
525,17,45,1,7,KGID100525,Dayamai,1981-01-22,1,4,False,2017-04-24
526,17,46,2,3,KGID100526,Varenya,1985-05-25,2,2,False,2018-10-29
527,17,46,10,7,KGID100527,Ethan,1971-10-14,2,4,False,2005-09-18
528,17,46,3,3,KGID100528,Ethan,1982-10-28,2,7,False,2016-03-30
529,17,46,1,2,KGID100529,Hemangini,1971-11-20,2,1,False,2020-07-25
530,17,46,3,5,KGID100530,Qabil,1993-08-18,1,6,False,2000-04-06
531,17,46,1,5,KGID100531,Yadavi,1998-06-28,1,2,False,1998-02-16
532,17,46,5,4,KGID100532,Jeet,1985-02-20,2,5,False,2005-05-05
533,17,46,1,7,KGID100533,Neel,1978-06-30,1,3,False,2017-02-03
534,17,47,5,6,KGID100534,Hiral,1999-09-27,1,3,False,2011-07-28
535,17,47,1,4,KGID100535,Bhanumati,1996-04-14,1,2,False,2003-10-16
536,17,47,6,1,KGID100536,Anvi,1971-10-12,1,5,False,2005-04-21
537,17,47,6,4,KGID100537,Girik,1984-08-11,2,6,False,2001-05-31
538,17,47,6,7,KGID100538,Mitesh,1973-05-06,1,8,False,2014-08-19
539,17,47,4,7,KGID100539,Geetika,1996-03-03,1,7,False,2012-11-12
540,17,47,2,2,KGID100540,Ayush,1970-04-14,1,6,False,2024-01-12
541,17,47,2,5,KGID100541,Alka,1989-08-30,1,8,False,2018-10-06
542,17,47,6,7,KGID100542,Omaja,1988-07-16,1,2,False,1997-05-26
543,17,47,5,1,KGID100543,Bimala,1989-05-07,1,3,False,2005-04-13
544,17,47,1,4,KGID100544,Yash,1994-11-19,1,3,False,2016-05-21
545,17,48,1,3,KGID100545,Chameli,1982-12-11,1,6,False,2016-06-28
546,17,48,2,6,KGID100546,Nakul,1982-06-21,1,7,False,2010-07-26
547,17,48,4,7,KGID100547,Samar,1979-02-02,1,2,False,2000-09-08
548,17,48,1,4,KGID100548,Eiravati,1992-06-27,1,4,False,2021-06-26
549,17,48,2,1,KGID100549,Mohini,1971-12-20,1,2,False,2007-04-08
550,17,48,2,2,KGID100550,Hitesh,1978-05-17,1,4,False,2010-01-18
551,17,48,4,1,KGID100551,Amara,1982-10-23,1,6,False,2000-08-10
552,17,48,1,7,KGID100552,Chandresh,1977-05-23,2,3,False,2007-08-30
553,17,48,4,1,KGID100553,Omya,1975-12-19,1,1,False,2021-08-13
554,17,48,1,3,KGID100554,Nathaniel,1995-03-08,1,3,False,2023-08-08
555,17,48,3,4,KGID100555,Dhriti,1973-12-23,2,2,False,2001-02-21
556,17,48,1,1,KGID100556,Yutika,1983-05-25,1,7,False,2022-01-06
557,18,49,2,2,KGID100557,Widisha,1968-04-23,1,2,False,2023-12-07
558,18,49,3,6,KGID100558,Yashasvi,1983-01-26,1,1,False,2003-07-03
559,18,49,4,3,KGID100559,Ira,1969-03-06,1,4,False,2004-09-06
560,18,49,1,1,KGID100560,Upma,1977-03-28,2,4,False,1996-10-04
561,18,49,1,4,KGID100561,Hritik,1982-03-05,1,2,False,2022-02-10
562,18,49,9,3,KGID100562,Jasmit,1993-06-30,2,3,False,2007-02-19
563,18,49,5,4,KGID100563,Nandini,1969-04-06,1,3,False,2012-10-24
564,18,49,8,7,KGID100564,Janani,1986-05-02,1,2,True,1998-08-27
565,18,49,1,1,KGID100565,Yamini,1982-11-01,2,7,False,2012-06-20
566,18,49,3,5,KGID100566,Jagat,1971-11-24,2,7,False,1999-04-30
567,18,49,1,5,KGID100567,Kashvi,1994-07-20,1,3,False,2006-05-10
568,18,49,2,5,KGID100568,Jasmit,1993-03-11,2,3,False,2002-04-18
569,18,49,2,6,KGID100569,Yashodhara,1981-03-03,2,2,False,1997-09-09
570,18,49,2,7,KGID100570,Balvan,1972-03-07,1,4,False,2006-03-07
571,18,50,1,5,KGID100571,Urvi,1985-03-07,1,5,False,2000-11-03
572,18,50,4,2,KGID100572,Yutika,1972-04-10,1,3,False,2023-07-14
573,18,50,1,3,KGID100573,Eiravati,1973-01-18,1,5,False,2025-04-01
574,18,50,1,7,KGID100574,Chandani,1987-09-17,2,2,False,2011-03-27
575,18,50,1,7,KGID100575,Yashodhara,1985-08-16,1,2,False,2017-01-27
576,18,50,9,6,KGID100576,Chandani,1983-09-02,1,8,False,1997-01-02
577,18,50,1,7,KGID100577,Garima,1990-06-08,1,6,False,2024-12-09
578,18,50,5,5,KGID100578,Darika,1994-08-12,1,2,False,2017-07-22
579,18,50,3,1,KGID100579,Avi,1987-10-27,2,1,False,2004-03-22
580,18,50,2,4,KGID100580,Vedant,1992-01-20,2,3,False,2013-06-11
581,18,50,6,5,KGID100581,Onkar,1985-05-07,2,7,False,2017-06-08
582,18,50,1,6,KGID100582,Lajita,1972-07-19,1,2,False,2016-04-06
583,18,50,1,6,KGID100583,Azad,1986-12-28,2,3,False,2016-11-01
584,18,50,3,1,KGID100584,Rayaan,1968-03-02,2,2,False,2005-08-14
585,18,51,5,3,KGID100585,Max,1981-07-25,1,8,True,2002-06-08
586,18,51,1,5,KGID100586,Yachana,1993-11-15,2,4,False,2023-03-21
587,18,51,3,4,KGID100587,David,1991-07-10,2,4,False,2011-07-25
588,18,51,3,7,KGID100588,Ekta,2001-06-17,1,1,False,2010-05-24
589,18,51,1,5,KGID100589,Krisha,1978-03-11,1,1,False,2001-07-18
590,18,51,1,6,KGID100590,Hema,1986-02-05,1,5,False,2016-02-14
591,18,51,3,2,KGID100591,Aishani,1988-04-07,1,1,False,2002-02-05
592,18,51,1,3,KGID100592,Yatin,1977-01-03,1,4,False,2005-03-06
593,18,51,3,6,KGID100593,Chameli,1993-09-29,2,8,False,2016-12-18
594,18,51,1,1,KGID100594,Vrinda,1978-04-21,1,7,False,2006-08-21
595,18,51,3,4,KGID100595,Anusha,1977-04-23,1,3,False,2013-02-25
596,18,51,1,3,KGID100596,Ladli,1997-12-24,2,7,False,2007-12-18
597,19,52,2,3,KGID100597,Hemani,1999-12-25,1,4,False,2019-11-09
598,19,52,5,1,KGID100598,Bina,1968-12-14,1,3,False,2024-03-23
599,19,52,2,1,KGID100599,Farhan,1979-04-20,1,4,False,2009-05-08
600,19,52,2,7,KGID100600,Aahana,1992-12-07,1,3,False,2002-09-23
601,19,52,2,6,KGID100601,Anika,1999-04-01,1,1,False,2016-09-16
602,19,52,6,2,KGID100602,Laksh,1971-03-28,1,4,False,2018-01-03
603,19,52,2,1,KGID100603,Wriddhish,1975-10-08,1,5,False,2015-12-12
604,19,52,1,4,KGID100604,Upkaar,1989-03-19,2,4,False,1998-01-16
605,19,52,1,7,KGID100605,Odika,1978-10-02,1,1,False,2010-03-22
606,19,52,5,2,KGID100606,Laksh,1967-09-13,1,7,False,2012-06-25
607,19,52,3,6,KGID100607,Nakul,1981-05-11,1,5,False,2023-08-21
608,19,52,1,1,KGID100608,Vamakshi,1983-10-04,1,8,False,2002-04-22
609,19,52,1,7,KGID100609,Bhavna,1978-06-11,2,6,False,2015-04-03
610,19,53,1,5,KGID100610,Gaurav,1989-09-13,1,7,False,2003-04-04
611,19,53,2,4,KGID100611,Baljiwan,1998-07-29,1,4,False,2001-08-07
612,19,53,1,4,KGID100612,Patrick,1999-04-12,2,1,False,1997-07-29
613,19,53,3,6,KGID100613,Mekhala,1994-04-25,1,7,False,2001-12-04
614,19,53,2,1,KGID100614,Bimala,1997-05-02,1,3,False,1996-10-16
615,19,53,3,7,KGID100615,Hredhaan,1999-02-03,1,1,False,2006-03-28
616,19,53,5,3,KGID100616,Suhani,2001-02-25,1,8,False,2012-04-11
617,19,53,3,3,KGID100617,Wakeeta,1997-10-04,1,3,False,2000-05-31
618,19,53,3,1,KGID100618,Yamini,1983-06-09,2,5,False,2002-02-11
619,19,53,10,5,KGID100619,Isaiah,1978-10-07,1,4,False,2017-09-22
620,19,53,1,6,KGID100620,Aarini,1991-12-16,1,1,False,1996-12-06
621,19,53,8,5,KGID100621,Geetika,1994-05-30,2,7,False,2012-12-26
622,19,53,5,7,KGID100622,Reyansh,1973-06-28,1,4,False,2021-05-08
623,19,53,5,6,KGID100623,Nidra,1995-08-23,1,1,False,2011-06-19
624,19,53,2,5,KGID100624,Gabriel,1981-02-24,1,4,False,1999-04-16
625,19,54,3,2,KGID100625,Logan,1983-10-04,1,2,False,2023-08-30
626,19,54,3,1,KGID100626,Abeer,1976-05-22,1,1,False,2003-05-09
627,19,54,3,7,KGID100627,Amara,1999-12-18,1,3,False,2005-04-12
628,19,54,5,3,KGID100628,Advay,1976-06-01,1,3,False,2006-12-13
629,19,54,7,7,KGID100629,Warinder,1969-08-20,1,6,False,1999-12-14
630,19,54,2,6,KGID100630,Damyanti,1972-12-14,1,2,False,2016-06-01
631,19,54,2,2,KGID100631,Deepa,1990-12-29,1,7,False,2015-01-17
632,19,54,8,6,KGID100632,Chakrika,1980-01-08,1,6,False,2002-12-05
633,19,54,3,2,KGID100633,Kiaan,1983-10-13,1,5,False,2009-09-19
634,19,54,4,6,KGID100634,Kashvi,1981-08-30,2,7,False,2012-06-13
635,19,54,5,5,KGID100635,Urishilla,1993-04-10,1,6,False,2019-10-12
636,19,54,8,2,KGID100636,Tejas,1993-06-05,1,2,False,2016-04-02
637,19,54,1,6,KGID100637,Finn,1985-05-23,1,6,False,2011-11-03
638,19,54,1,1,KGID100638,Janaki,1970-03-06,2,6,False,2012-11-18
639,19,54,1,2,KGID100639,David,1995-09-14,1,6,False,2022-09-15
640,19,55,4,1,KGID100640,Samaksh,1986-12-30,1,7,False,2000-11-13
641,19,55,6,4,KGID100641,Falak,1996-07-29,2,6,False,2009-05-02
642,19,55,1,4,KGID100642,Samesh,1991-11-25,2,4,False,2010-09-12
643,19,55,1,7,KGID100643,Yashvi,1982-09-02,1,1,False,1998-02-19
644,19,55,8,1,KGID100644,Kevin,1984-12-22,1,7,False,2009-10-08
645,19,55,1,1,KGID100645,Dalbir,1986-07-10,1,8,False,2016-01-12
646,19,55,2,6,KGID100646,Darika,1992-02-12,1,7,False,2008-01-02
647,19,55,1,2,KGID100647,Aarush,1992-11-18,2,7,False,2013-04-17
648,19,55,4,6,KGID100648,Chakradev,1981-12-05,1,5,False,2016-10-31
649,19,56,1,5,KGID100649,Darpan,1999-04-20,1,8,False,1998-07-11
650,19,56,2,4,KGID100650,Urmi,1968-08-08,1,8,False,2008-05-18
651,19,56,1,2,KGID100651,Krishna,1993-07-24,1,2,False,2024-11-22
652,19,56,1,7,KGID100652,Osha,1980-04-03,1,8,False,2022-05-16
653,19,56,1,6,KGID100653,Saumya,1997-02-02,1,3,False,2022-10-26
654,19,56,2,2,KGID100654,Keya,1970-04-02,1,5,False,2024-06-25
655,19,56,1,7,KGID100655,Kiaan,1989-09-29,1,1,False,2006-08-10
656,19,56,4,1,KGID100656,Pranav,2001-04-13,1,6,False,2007-12-03
657,19,56,2,7,KGID100657,Joshua,1992-04-09,1,1,False,2002-12-24
658,20,57,8,6,KGID100658,Aarush,1993-03-26,2,8,False,2024-11-24
659,20,57,1,3,KGID100659,Ubika,1990-06-04,1,1,False,2012-04-23
660,20,57,7,7,KGID100660,Ladli,1995-07-09,1,3,False,2003-09-13
661,20,57,5,2,KGID100661,Hiral,1972-10-18,2,3,False,2001-12-27
662,20,57,5,2,KGID100662,Isaiah,1968-08-14,1,2,False,2015-09-01
663,20,57,2,7,KGID100663,Amol,1975-09-15,1,5,False,1998-06-22
664,20,57,4,7,KGID100664,Bahadurjit,1982-09-14,1,7,False,2016-01-05
665,20,57,3,7,KGID100665,Chanakya,1975-11-05,1,8,False,1997-10-21
666,20,57,1,6,KGID100666,Reva,1975-06-29,1,7,False,2002-10-28
667,20,57,1,5,KGID100667,Daksh,1972-04-15,1,2,False,2025-05-01
668,20,57,3,1,KGID100668,Vivaan,1995-04-06,2,6,False,2017-09-26
669,20,57,1,6,KGID100669,Eiravati,1987-02-27,1,8,False,2018-12-04
670,20,57,1,2,KGID100670,Ekani,1975-07-31,1,7,False,2021-12-07
671,20,57,6,3,KGID100671,Timothy,1981-08-02,1,1,False,2004-07-02
672,20,58,6,1,KGID100672,Parth,1988-10-22,1,5,False,2008-11-28
673,20,58,5,7,KGID100673,Warhi,1969-02-12,1,2,False,2006-07-06
674,20,58,1,3,KGID100674,Lakshmi,1994-03-29,2,8,False,2005-10-07
675,20,58,2,6,KGID100675,Omaja,1981-05-28,1,2,False,2005-03-21
676,20,58,1,7,KGID100676,Qarin,1993-03-05,1,8,False,2010-04-03
677,20,58,6,7,KGID100677,Umang,1977-09-30,1,3,False,2017-01-15
678,20,58,4,4,KGID100678,Ubika,1998-08-17,1,1,False,2012-10-30
679,20,58,6,2,KGID100679,Omaja,1986-06-21,2,4,False,2000-05-30
680,20,58,1,3,KGID100680,Xavier,1976-03-11,1,5,False,2006-02-06
681,20,58,2,4,KGID100681,Farhan,1998-11-18,1,2,False,2021-02-01
682,20,58,1,4,KGID100682,George,1985-09-26,1,3,False,2020-07-29
683,20,58,2,5,KGID100683,Charan,1976-08-26,1,3,False,2016-01-22
684,20,59,4,6,KGID100684,Balveer,1997-03-24,1,1,False,2001-12-24
685,20,59,1,5,KGID100685,Teerth,1983-10-28,2,4,False,2021-09-26
686,20,59,3,6,KGID100686,Gaurangi,1977-10-31,1,7,False,2022-11-19
687,20,59,6,7,KGID100687,Siddharth,1999-05-22,1,8,False,2024-06-03
688,20,59,3,5,KGID100688,Jacob,1992-12-01,2,4,False,2018-05-25
689,20,59,5,3,KGID100689,Xavier,1991-03-05,1,5,False,2016-12-06
690,20,59,2,3,KGID100690,Mekhala,1998-08-21,1,4,False,2012-07-13
691,20,59,4,7,KGID100691,Barkha,1980-06-19,1,2,True,2011-12-31
692,20,59,12,7,KGID100692,Jagrati,1978-01-04,2,5,False,2006-12-14
693,20,59,1,1,KGID100693,Widisha,1983-05-15,1,5,False,2019-10-21
694,20,59,6,3,KGID100694,Upasna,1993-06-02,1,5,False,2005-10-22
695,20,59,3,2,KGID100695,Samar,1980-02-16,2,7,False,2008-07-11
696,20,60,4,6,KGID100696,Timothy,1992-09-22,1,5,False,1996-12-28
697,20,60,2,4,KGID100697,Omisha,1977-07-23,1,4,False,2002-03-19
698,20,60,4,6,KGID100698,Victor,1980-06-09,1,8,False,2020-09-08
699,20,60,4,5,KGID100699,Xalak,1986-03-31,1,3,False,2023-11-19
700,20,60,6,2,KGID100700,Geetika,1976-04-09,1,8,False,2020-05-07
701,20,60,1,7,KGID100701,Vritti,1983-03-12,1,3,False,2017-10-09
702,20,60,6,6,KGID100702,Indira,1973-04-12,1,6,False,2017-05-30
703,20,60,6,4,KGID100703,Vrinda,1973-10-12,2,6,False,2022-04-25
704,20,60,3,4,KGID100704,Daniel,1985-05-03,2,8,False,2020-11-08
705,20,60,3,5,KGID100705,Falan,1999-08-30,2,2,False,2015-11-25
706,21,61,3,7,KGID100706,Abeer,1981-07-18,1,5,False,2020-12-15
707,21,61,6,2,KGID100707,Vihaan,1969-11-01,1,4,False,2000-11-25
708,21,61,9,4,KGID100708,Tejas,1984-09-19,1,3,False,2007-05-06
709,21,61,2,6,KGID100709,Vasudha,1989-12-09,2,6,False,1996-12-23
710,21,61,1,3,KGID100710,Nisha,1967-12-05,1,3,False,2011-11-16
711,21,61,1,7,KGID100711,Anvi,1985-09-27,2,2,False,2004-11-01
712,21,61,2,4,KGID100712,Yadavi,1995-03-04,1,8,False,2016-01-26
713,21,61,1,2,KGID100713,Praneel,1971-03-01,1,1,False,1999-04-26
714,21,61,5,5,KGID100714,Manthan,1975-09-19,1,1,False,2014-06-30
715,21,61,1,6,KGID100715,Zayyan,1995-03-30,2,5,False,2004-04-10
716,21,61,2,5,KGID100716,Mekhala,1970-03-18,1,2,False,2024-05-04
717,21,62,8,4,KGID100717,Tripti,1986-09-25,1,6,False,2025-03-28
718,21,62,4,2,KGID100718,Upkaar,1977-09-21,1,8,False,2020-07-14
719,21,62,1,7,KGID100719,Faris,1989-10-01,1,4,False,2021-05-30
720,21,62,9,2,KGID100720,Azad,1970-09-14,1,3,False,2007-07-10
721,21,62,4,7,KGID100721,Vamakshi,1969-06-06,1,5,False,1996-10-18
722,21,62,3,5,KGID100722,Onveer,1970-05-02,2,2,False,2021-01-13
723,21,62,1,6,KGID100723,Garima,1986-10-06,1,8,False,2021-05-27
724,21,62,3,4,KGID100724,Girish,1997-12-12,1,4,False,2023-03-06
725,21,62,3,3,KGID100725,Victor,1974-09-17,1,2,False,2021-09-12
726,21,62,1,5,KGID100726,Vaishnavi,1976-09-27,1,7,False,2023-04-28
727,21,62,1,6,KGID100727,Avni,1998-02-06,1,5,False,2012-11-11
728,21,62,1,2,KGID100728,Bachittar,1973-08-15,1,5,False,2021-03-08
729,22,63,2,4,KGID100729,Amol,2000-03-19,1,1,False,2013-07-18
730,22,63,7,6,KGID100730,Mitali,1999-02-08,2,6,False,2005-03-14
731,22,63,1,1,KGID100731,Wridesh,1986-10-16,2,8,False,2021-02-26
732,22,63,1,5,KGID100732,Garima,1980-07-28,1,2,False,2017-12-22
733,22,63,3,4,KGID100733,Farhan,1984-07-20,2,5,False,2024-10-11
734,22,63,1,7,KGID100734,Chatresh,1970-11-05,1,1,False,2003-04-03
735,22,63,2,6,KGID100735,Faqid,1979-02-07,1,2,False,2018-10-28
736,22,63,5,1,KGID100736,Mekhala,2000-06-20,1,3,False,2005-12-26
737,22,63,1,3,KGID100737,Anjali,1994-03-01,2,5,False,2009-08-03
738,22,63,1,7,KGID100738,Vedant,1979-08-15,1,2,False,2023-10-25
739,22,63,8,3,KGID100739,Rachana,1973-11-02,2,8,False,2013-07-06
740,22,64,1,6,KGID100740,Lajita,1970-06-09,1,3,False,2014-06-18
741,22,64,7,4,KGID100741,Yatin,1991-10-09,2,8,False,1998-11-25
742,22,64,2,3,KGID100742,Mitesh,1980-06-11,1,3,False,2019-04-03
743,22,64,2,4,KGID100743,Mitesh,1992-09-02,1,2,False,2005-09-15
744,22,64,2,6,KGID100744,Hredhaan,1970-08-20,2,4,False,2023-11-13
745,22,64,4,3,KGID100745,Sai,1979-10-05,1,2,False,2004-05-06
746,22,64,4,4,KGID100746,Kevin,1970-06-29,1,7,False,2009-01-07
747,22,64,5,5,KGID100747,Yauvani,1981-05-25,1,3,False,1997-04-14
748,22,64,2,4,KGID100748,Irya,1986-05-14,2,2,False,2013-10-31
749,22,64,2,3,KGID100749,Ekta,1996-11-21,2,1,False,1996-11-17
750,22,65,2,2,KGID100750,Odika,1980-09-16,1,8,False,1998-12-24
751,22,65,2,7,KGID100751,Xavier,1986-12-21,1,6,False,2001-06-10
752,22,65,2,6,KGID100752,Lajita,1973-04-15,1,7,False,2004-04-27
753,22,65,3,1,KGID100753,Amrita,1984-04-16,2,5,False,1998-05-11
754,22,65,3,6,KGID100754,Radhika,1976-11-27,1,6,False,2005-03-19
755,22,65,1,2,KGID100755,Faraj,1979-10-20,2,6,False,2023-11-27
756,22,65,3,4,KGID100756,Warhi,1987-09-18,1,6,False,2002-03-12
757,22,65,1,7,KGID100757,Hredhaan,1972-02-17,1,1,False,1996-09-19
758,22,65,5,7,KGID100758,Meghana,1978-10-26,1,6,False,2014-07-05
759,22,65,1,2,KGID100759,Forum,1982-06-29,1,7,False,2009-01-04
760,22,65,3,2,KGID100760,Laban,1977-09-27,1,7,False,2014-01-06
761,22,65,5,2,KGID100761,Sai,1983-10-23,1,2,False,2001-09-03
762,22,65,1,6,KGID100762,Mitali,2000-06-17,2,2,False,2004-12-22
763,22,65,2,6,KGID100763,Vritti,2000-06-05,1,3,False,2019-03-14
764,23,66,3,1,KGID100764,Eshana,1980-04-23,1,7,False,2020-03-14
765,23,66,2,5,KGID100765,Maya,1979-12-08,2,3,False,2023-07-21
766,23,66,1,7,KGID100766,Ryan,1987-08-29,1,7,False,2012-05-06
767,23,66,3,3,KGID100767,Avi,1999-12-05,1,7,False,2009-11-28
768,23,66,3,6,KGID100768,Shaurya,1982-06-07,2,5,False,2004-12-20
769,23,66,2,3,KGID100769,Ekapad,1995-05-15,1,3,False,2019-08-06
770,23,66,3,6,KGID100770,Nilima,1990-05-28,1,6,False,2000-07-23
771,23,66,7,6,KGID100771,Chavvi,1975-10-02,1,4,False,2015-08-16
772,23,67,4,6,KGID100772,Pallavi,1994-05-09,1,3,False,1998-09-01
773,23,67,4,3,KGID100773,Varenya,1987-04-27,1,6,False,2012-01-08
774,23,67,3,6,KGID100774,Omya,1986-01-03,1,5,False,2019-06-15
775,23,67,2,1,KGID100775,Jagvi,1991-05-19,1,1,False,2020-01-29
776,23,67,1,1,KGID100776,Frederick,1971-03-30,1,3,False,2003-09-21
777,23,67,4,2,KGID100777,Isha,1973-03-06,2,5,False,2014-04-16
778,23,67,3,3,KGID100778,Mugdha,2000-05-24,2,2,False,2006-02-20
779,23,67,4,5,KGID100779,Qushi,1971-02-15,2,7,False,1999-05-20
780,23,67,5,7,KGID100780,Tristan,1984-11-20,1,1,False,2011-07-27
781,23,67,2,7,KGID100781,Timothy,1982-09-06,2,6,False,2007-11-12
782,23,67,1,6,KGID100782,Xiti,1972-08-25,1,8,False,2025-06-15
783,23,67,7,6,KGID100783,Vasudha,1971-01-29,1,6,False,2008-08-02
784,23,68,5,2,KGID100784,Frederick,1971-06-21,1,3,False,2023-10-20
785,23,68,1,2,KGID100785,Lucky,1979-05-14,1,2,False,2006-06-21
786,23,68,2,5,KGID100786,Samuel,1985-03-29,1,3,False,2006-08-16
787,23,68,1,3,KGID100787,Gunbir,1982-06-03,1,3,False,2016-09-23
788,23,68,7,5,KGID100788,Eiravati,1969-10-22,1,5,False,1997-10-26
789,23,68,3,3,KGID100789,Ishwar,1968-04-16,1,6,False,2006-06-21
790,23,68,8,5,KGID100790,Ikbal,1990-07-19,1,3,False,2001-04-15
791,23,68,3,1,KGID100791,Yagnesh,1985-01-25,1,4,False,2012-07-11
792,23,68,2,3,KGID100792,Ganga,1986-07-23,1,8,False,2024-04-26
793,23,68,5,6,KGID100793,Vincent,1994-08-25,1,6,False,2014-10-14
794,23,68,7,5,KGID100794,Quincy,1989-04-20,2,4,False,2009-01-20
795,23,69,2,7,KGID100795,Ayush,1992-08-05,2,7,False,2022-02-17
796,23,69,4,1,KGID100796,Shivani,1987-08-29,2,6,False,2007-10-19
797,23,69,3,4,KGID100797,Tanish,1974-07-09,1,4,False,2018-05-04
798,23,69,1,1,KGID100798,Dev,1987-02-26,1,1,False,2019-09-16
799,23,69,1,6,KGID100799,Rachit,1979-12-17,2,7,False,2002-03-28
800,23,69,1,7,KGID100800,Ishaan,1976-06-11,1,7,False,2021-07-16
801,23,69,7,6,KGID100801,Dhriti,1987-10-27,1,1,False,2014-04-01
802,23,69,2,1,KGID100802,Ishaan,1979-05-09,1,3,False,2021-01-15
803,23,69,3,5,KGID100803,Orinder,1995-03-11,2,5,False,2016-12-29
804,23,69,2,4,KGID100804,Chameli,1998-10-05,1,1,False,2013-08-21
805,23,69,1,1,KGID100805,Krish,1978-03-04,1,2,False,2003-06-10
806,23,69,3,6,KGID100806,Jackson,1973-09-30,2,6,False,2016-08-18
807,23,69,1,7,KGID100807,Yasti,1980-09-24,1,2,False,2013-10-26
808,23,70,2,7,KGID100808,Leela,1981-11-27,1,8,False,2010-08-20
809,23,70,1,6,KGID100809,Oscar,1986-05-23,1,5,False,2010-09-21
810,23,70,1,6,KGID100810,Logan,1973-11-19,2,6,False,2020-12-09
811,23,70,1,7,KGID100811,Chatresh,1996-12-13,1,2,False,2024-02-15
812,23,70,3,4,KGID100812,Vedhika,1972-03-01,1,2,False,2020-02-29
813,23,70,4,6,KGID100813,Yashasvi,1989-09-23,1,7,False,2008-05-21
814,23,70,6,2,KGID100814,Vyanjana,1981-08-27,1,4,False,2020-11-17
815,23,70,1,1,KGID100815,Vrinda,1973-03-18,1,1,False,2012-12-01
816,23,70,7,5,KGID100816,Thomas,1977-06-15,1,2,False,2004-06-29
817,23,70,1,1,KGID100817,Bhavya,1973-03-29,1,8,False,2009-10-13
818,23,70,2,6,KGID100818,Warhi,1986-03-20,1,2,False,1999-10-22
819,23,70,1,2,KGID100819,Ishaan,1976-08-18,1,8,False,2012-04-09
820,23,70,4,6,KGID100820,Jeevika,1985-12-14,1,6,False,2018-06-20
821,23,70,8,2,KGID100821,Ridhi,1986-02-06,1,4,False,2025-03-23
822,23,70,4,6,KGID100822,Harsh,1992-07-19,1,6,False,2015-06-24
823,24,71,6,4,KGID100823,Yug,1977-08-24,1,5,False,2025-07-02
824,24,71,1,6,KGID100824,Shivani,1976-06-16,1,5,False,2021-07-11
825,24,71,1,5,KGID100825,Gagan,1982-06-14,1,2,False,2025-05-06
826,24,71,6,7,KGID100826,Warjas,1974-08-29,1,1,False,2017-11-29
827,24,71,3,7,KGID100827,Indali,1996-10-19,1,1,False,2014-03-21
828,24,71,3,5,KGID100828,Priya,1973-03-02,1,3,False,2000-07-23
829,24,71,1,7,KGID100829,Samuel,1995-03-09,1,5,False,2019-11-18
830,24,71,3,1,KGID100830,Indali,1985-08-15,1,1,False,2013-10-30
831,24,71,5,7,KGID100831,Om,1978-07-12,2,3,False,2016-12-09
832,24,71,1,2,KGID100832,Bimala,1986-12-30,1,3,False,2024-02-21
833,24,71,2,3,KGID100833,Yoshita,2001-01-11,1,8,False,2016-03-22
834,24,71,1,2,KGID100834,Girish,1972-02-18,1,4,False,2018-04-10
835,24,71,5,4,KGID100835,Nisha,1998-10-06,1,8,False,2025-04-21
836,24,72,9,3,KGID100836,Jonathan,1991-05-17,1,5,False,2000-05-15
837,24,72,1,5,KGID100837,Madhav,1991-09-17,1,7,False,2020-07-19
838,24,72,2,6,KGID100838,Maya,1984-03-01,2,2,False,2013-04-08
839,24,72,2,2,KGID100839,Amruta,1988-11-13,1,6,False,2007-05-27
840,24,72,2,7,KGID100840,Faqid,1989-01-25,1,1,False,2022-01-17
841,24,72,1,2,KGID100841,Girik,1981-03-22,1,5,False,2018-04-07
842,24,72,1,3,KGID100842,Jyoti,1982-12-25,1,2,False,2010-09-04
843,24,72,2,3,KGID100843,Aarnav,1997-01-24,1,8,False,2021-02-02
844,24,73,1,2,KGID100844,Girik,1992-05-17,1,7,False,2009-10-25
845,24,73,1,5,KGID100845,Ishita,1996-06-05,1,3,False,2019-08-06
846,24,73,1,5,KGID100846,Mitali,1974-12-06,1,3,False,2008-12-24
847,24,73,1,4,KGID100847,Siddharth,1984-05-05,1,1,False,2005-11-19
848,24,73,4,7,KGID100848,Bhanumati,1979-01-03,1,2,False,2013-04-13
849,24,73,3,4,KGID100849,Vedhika,1994-04-29,2,3,False,2022-06-14
850,24,73,2,2,KGID100850,Chanakya,1969-01-31,2,3,False,2014-09-06
851,24,73,3,2,KGID100851,Tripti,1968-01-29,1,6,False,2023-06-23
852,24,73,3,1,KGID100852,Nakul,1982-07-12,1,7,False,1996-07-17
853,24,73,1,5,KGID100853,Priya,1974-05-27,2,7,False,2016-06-28
854,24,73,3,2,KGID100854,Kevin,1997-07-08,1,1,False,2005-04-11
855,24,73,3,7,KGID100855,Anusha,1970-09-12,1,8,False,2006-12-22
856,24,73,7,5,KGID100856,Fitan,1980-03-01,2,7,False,2022-09-25
857,24,73,2,1,KGID100857,Noah,1969-04-14,1,7,False,2014-08-31
858,24,73,5,7,KGID100858,Vivaan,1982-02-12,2,6,False,1999-03-02
859,24,74,2,3,KGID100859,Girish,1967-07-24,1,4,False,2010-05-08
860,24,74,1,5,KGID100860,Kevin,1987-09-16,2,7,False,2011-08-02
861,24,74,1,6,KGID100861,Sai,1967-11-03,2,2,False,2016-09-10
862,24,74,2,2,KGID100862,Jai,2001-02-13,1,6,False,2008-10-08
863,24,74,1,4,KGID100863,Kevin,1983-10-07,1,5,False,2003-03-01
864,24,74,3,5,KGID100864,Gaurav,1992-05-15,1,5,False,1999-06-29
865,24,74,2,2,KGID100865,Dhriti,1980-01-08,1,8,False,2005-03-14
866,24,74,3,4,KGID100866,Lavanya,1993-10-27,1,5,False,2018-05-13
867,24,74,5,4,KGID100867,Kiaan,1989-05-03,1,2,False,2016-02-28
868,25,75,5,2,KGID100868,Ekapad,1985-07-24,1,7,False,1996-10-07
869,25,75,5,5,KGID100869,Nitesh,1982-06-27,1,1,False,2017-06-22
870,25,75,8,1,KGID100870,Max,1998-10-20,2,3,False,2014-05-22
871,25,75,3,1,KGID100871,Saanvi,1996-10-05,1,4,False,1999-01-14
872,25,75,3,6,KGID100872,Harish,1972-04-13,1,7,False,2000-02-04
873,25,75,3,6,KGID100873,Leena,1979-06-23,2,1,False,2008-12-22
874,25,75,5,6,KGID100874,Logan,1975-12-13,1,1,False,2015-03-20
875,25,75,4,7,KGID100875,Yuvraj,1986-05-04,1,4,False,2013-12-03
876,25,75,3,5,KGID100876,Bhavani,1994-01-04,1,3,False,2016-07-18
877,25,75,2,6,KGID100877,Charvi,1974-07-05,1,3,False,2014-02-14
878,25,75,1,4,KGID100878,Ranbir,1992-12-13,1,7,False,2005-02-03
879,25,75,1,1,KGID100879,Chatura,1994-03-05,1,2,False,2019-07-17
880,25,75,3,6,KGID100880,Wriddhish,1984-05-08,2,6,False,1999-10-17
881,25,75,5,2,KGID100881,Xalak,1989-03-21,1,4,False,1998-08-01
882,25,75,2,1,KGID100882,Advik,2001-01-29,1,7,False,2023-08-10
883,25,76,3,3,KGID100883,Kevin,1980-09-04,2,5,False,2020-11-07
884,25,76,5,5,KGID100884,Osha,1979-12-13,1,8,False,2016-04-29
885,25,76,3,7,KGID100885,Urishilla,1999-12-23,1,6,False,2018-11-11
886,25,76,2,4,KGID100886,Anay,1987-06-30,2,1,False,1996-12-03
887,25,76,1,4,KGID100887,Tanveer,1968-11-16,1,4,False,1998-04-11
888,25,76,1,3,KGID100888,Mitali,1984-09-30,1,6,False,2014-10-01
889,25,76,1,7,KGID100889,Yachana,1993-08-09,1,5,False,2008-10-21
890,25,76,4,7,KGID100890,Neelima,1970-04-29,1,3,False,2012-01-31
891,25,76,2,5,KGID100891,Michael,1976-12-15,1,4,False,2005-07-05
892,25,77,1,2,KGID100892,Yasti,1998-11-01,2,4,False,2024-10-10
893,25,77,5,7,KGID100893,Nachiket,1985-10-05,1,3,False,2007-11-08
894,25,77,1,1,KGID100894,Dominic,1978-01-25,1,8,False,2009-03-17
895,25,77,5,5,KGID100895,William,1969-06-29,2,8,False,1999-01-09
896,25,77,2,5,KGID100896,Radha,1971-06-20,2,8,False,2014-04-12
897,25,77,5,5,KGID100897,Christopher,1978-01-15,1,4,False,2018-01-12
898,25,77,1,5,KGID100898,Parth,1971-08-02,2,8,False,2017-01-19
899,25,77,1,3,KGID100899,Advay,1973-02-03,1,3,False,2024-02-28
900,25,77,1,5,KGID100900,Zansi,1994-02-22,1,1,True,2017-06-04
901,25,77,1,5,KGID100901,Ojas,1980-03-02,1,6,False,2018-04-07
902,25,77,1,5,KGID100902,Amruta,1992-06-11,1,5,False,1999-12-12
903,25,78,2,4,KGID100903,Ayushman,1978-11-30,1,7,False,2008-12-21
904,25,78,2,7,KGID100904,Devansh,1976-06-18,1,8,False,2024-10-18
905,25,78,1,5,KGID100905,Faraj,1984-05-23,1,2,False,2011-05-03
906,25,78,5,5,KGID100906,Christopher,1984-07-05,1,7,False,2012-12-17
907,25,78,5,6,KGID100907,Jhalak,1972-11-14,1,1,False,2018-12-13
908,25,78,2,7,KGID100908,Jack,1975-04-16,1,6,False,2011-04-12
909,25,78,2,5,KGID100909,Chaitanya,1996-09-20,2,1,False,1996-11-17
910,25,78,4,1,KGID100910,Chakradhar,1983-07-25,1,5,False,2007-08-18
911,25,78,3,4,KGID100911,Mason,1973-08-10,1,5,False,2024-05-15
912,25,78,3,7,KGID100912,Balendra,1986-04-28,1,1,False,2023-01-10
913,25,78,2,6,KGID100913,Oni,1975-02-27,2,4,False,2003-09-21
914,25,78,3,5,KGID100914,Ekaja,1976-09-29,1,5,False,1998-10-12
915,25,78,4,4,KGID100915,Kashish,1971-08-01,2,8,False,2016-01-18
916,26,79,3,4,KGID100916,Charles,1973-08-15,1,3,False,2019-11-06
917,26,79,3,3,KGID100917,Chakradhar,1999-12-18,1,7,False,1998-07-10
918,26,79,1,2,KGID100918,Udyati,1996-12-20,1,6,False,2018-12-15
919,26,79,1,3,KGID100919,Deepa,1978-08-26,1,7,False,2012-07-24
920,26,79,2,7,KGID100920,Abhiram,1980-01-25,2,8,False,2004-12-23
921,26,79,1,1,KGID100921,Daksha,1992-09-01,1,4,False,2003-07-23
922,26,79,8,6,KGID100922,Jyoti,1987-08-23,1,4,False,2010-10-30
923,26,79,1,1,KGID100923,Rohan,1992-06-05,2,8,False,2012-05-16
924,26,79,1,4,KGID100924,Yatan,1972-08-22,1,2,False,2023-07-24
925,26,79,3,1,KGID100925,Arjun,1975-06-12,1,7,False,2006-07-27
926,26,79,1,3,KGID100926,Aditya,1999-11-10,1,3,False,1996-07-25
927,26,79,5,1,KGID100927,Krisha,1996-05-22,1,6,False,2017-08-11
928,26,79,2,4,KGID100928,Hemang,1974-07-02,1,5,False,2025-01-12
929,26,79,1,6,KGID100929,Oni,1984-04-02,1,8,False,1998-04-05
930,26,80,3,6,KGID100930,Lucky,1991-09-21,1,6,False,1999-03-22
931,26,80,1,1,KGID100931,Vincent,1998-01-12,1,6,False,2011-08-06
932,26,80,1,1,KGID100932,Kashish,1983-02-10,1,3,False,2018-03-18
933,26,80,2,1,KGID100933,Girish,1984-09-15,1,8,False,2015-01-01
934,26,80,2,1,KGID100934,Meera,1970-01-25,2,5,False,2012-12-27
935,26,80,5,5,KGID100935,Radhika,1990-01-17,1,7,False,2000-04-24
936,26,80,2,2,KGID100936,Bishakha,1976-05-25,1,7,False,2005-08-28
937,26,80,1,1,KGID100937,Maya,1991-05-08,1,4,False,2017-11-05
938,26,80,5,5,KGID100938,Eesha,1982-12-01,2,5,False,2003-04-19
939,26,80,4,7,KGID100939,Samaksh,1972-02-25,1,4,False,2018-11-09
940,26,80,1,3,KGID100940,Ikbal,1972-10-22,1,8,False,2001-04-16
941,26,80,1,5,KGID100941,Unnati,1978-03-14,1,6,True,2000-01-09
942,26,80,1,5,KGID100942,Ishita,2000-04-27,1,2,False,2002-07-18
943,26,80,1,4,KGID100943,Darika,1983-04-12,1,4,False,2021-03-30
944,26,81,2,3,KGID100944,Gautam,1972-11-18,1,8,False,2016-06-01
945,26,81,2,7,KGID100945,Banjeet,1974-11-01,1,2,False,2021-05-12
946,26,81,8,1,KGID100946,Manbir,1970-08-16,1,7,False,2003-09-21
947,26,81,2,2,KGID100947,Ishani,1980-12-29,2,5,False,1997-12-10
948,26,81,5,1,KGID100948,Chandani,1976-05-15,2,4,False,2025-04-02
949,26,81,9,2,KGID100949,Azaan,1999-11-24,1,1,False,2021-04-21
950,26,81,4,1,KGID100950,Zaid,1970-09-29,1,4,False,1999-06-24
951,26,81,4,3,KGID100951,Logan,1971-08-27,2,3,False,1998-04-24
952,27,82,4,5,KGID100952,Tristan,1971-12-20,1,5,False,2020-05-29
953,27,82,1,3,KGID100953,Kashish,1990-11-09,2,4,False,2023-09-17
954,27,82,1,4,KGID100954,Frado,1987-04-28,1,3,False,2004-01-11
955,27,82,3,4,KGID100955,Falan,1968-04-06,2,1,False,1998-05-23
956,27,82,3,6,KGID100956,Sachi,1995-01-15,1,3,False,1999-03-11
957,27,82,1,2,KGID100957,Garima,1971-09-09,1,6,False,2023-11-06
958,27,82,11,6,KGID100958,Chandresh,1973-03-27,1,6,False,2013-03-01
959,27,82,4,7,KGID100959,Megha,1984-05-23,1,8,False,2007-08-15
960,27,83,5,4,KGID100960,Pooja,1973-05-26,1,1,False,2002-10-01
961,27,83,2,2,KGID100961,Rachit,1976-11-14,1,1,False,2009-06-16
962,27,83,2,3,KGID100962,Manthan,1968-09-13,1,8,False,2014-06-24
963,27,83,1,3,KGID100963,Yatan,1989-07-13,1,8,False,2010-12-28
964,27,83,5,7,KGID100964,Varenya,1969-08-06,1,2,False,2004-08-20
965,27,83,2,7,KGID100965,Laksh,1981-10-11,1,6,False,2015-02-27
966,27,83,5,5,KGID100966,Zaid,1988-12-20,1,3,False,2019-10-14
967,27,83,3,3,KGID100967,Anirudh,2001-03-01,2,4,False,2019-03-14
968,27,83,1,5,KGID100968,Jagrati,1983-11-01,2,4,False,2019-03-08
969,27,83,2,5,KGID100969,Hemangini,1998-07-22,1,5,False,2011-02-03
970,27,83,3,1,KGID100970,Lipika,1976-09-19,1,2,False,1997-04-12
971,27,83,7,2,KGID100971,Theodore,1968-07-08,2,4,False,2020-01-12
972,27,83,1,1,KGID100972,Avni,1969-07-07,1,7,False,2025-04-11
973,27,84,1,2,KGID100973,Ishita,1993-08-06,1,2,True,2025-07-05
974,27,84,7,6,KGID100974,Nathaniel,1970-12-05,1,2,False,2015-07-28
975,27,84,3,3,KGID100975,Amaira,1985-09-01,1,7,False,2019-06-20
976,27,84,5,1,KGID100976,Daksh,1993-07-02,2,5,False,2024-01-04
977,27,84,4,7,KGID100977,Lipika,1979-08-03,1,4,False,2020-11-10
978,27,84,1,6,KGID100978,Oscar,1973-07-05,1,7,False,2013-09-14
979,27,84,3,2,KGID100979,Jagrati,1998-08-07,1,3,False,1997-05-04
980,27,84,3,6,KGID100980,Indira,1999-09-28,1,6,False,2012-11-12
981,27,84,4,4,KGID100981,Raghav,1995-12-21,2,3,False,2020-01-09
982,27,84,3,5,KGID100982,Waida,1985-12-15,1,3,False,2001-08-12
983,27,84,3,3,KGID100983,Baljiwan,1970-08-04,2,6,False,2003-04-08
984,27,84,2,6,KGID100984,Theodore,1968-03-14,1,6,False,2010-05-20
985,28,85,2,5,KGID100985,Garima,1998-09-25,2,5,False,2002-05-13
986,28,85,2,4,KGID100986,Kalpit,1979-02-09,1,1,False,2001-09-01
987,28,85,3,5,KGID100987,Ekiya,1969-07-19,1,5,True,2000-10-21
988,28,85,9,2,KGID100988,Lucky,1993-11-07,2,1,False,2021-01-25
989,28,85,8,7,KGID100989,Janya,2000-03-08,1,3,False,2007-05-11
990,28,85,2,2,KGID100990,Meghana,1987-06-13,1,6,False,2006-04-13
991,28,85,1,3,KGID100991,Ekantika,1972-02-29,2,2,False,2001-02-02
992,28,85,3,2,KGID100992,Rajeshri,1994-06-12,1,6,False,2024-05-19
993,28,85,1,7,KGID100993,Edhitha,1973-06-12,2,2,False,2024-08-12
994,28,85,2,6,KGID100994,Ishanvi,1975-02-11,2,7,False,2013-08-08
995,28,85,1,7,KGID100995,Parth,1980-05-22,1,7,False,2017-10-22
996,28,86,6,2,KGID100996,Chaitaly,1971-11-08,1,1,False,2017-08-28
997,28,86,3,1,KGID100997,Mahika,1996-06-13,1,1,False,2018-11-16
998,28,86,3,3,KGID100998,Bachittar,1973-09-18,1,4,False,2005-10-01
999,28,86,4,4,KGID100999,Timothy,1989-04-09,2,2,False,1999-07-17
1000,28,86,1,4,KGID101000,Watika,1972-04-21,1,6,False,2018-02-19
1001,28,86,3,1,KGID101001,Wazir,1979-04-26,1,5,False,2005-10-15
1002,28,86,3,7,KGID101002,Gaurang,1995-06-18,1,3,False,2015-12-14
1003,28,86,1,4,KGID101003,Gautami,1982-09-16,1,4,False,2004-03-19
1004,28,86,11,5,KGID101004,Zaid,1991-02-03,1,2,False,2006-09-08
1005,28,87,2,5,KGID101005,Hritik,1992-01-07,1,7,False,1997-12-01
1006,28,87,2,3,KGID101006,Raksha,1992-06-06,1,1,False,2024-08-16
1007,28,87,1,3,KGID101007,Odika,1984-04-15,1,8,False,2007-07-04
1008,28,87,2,7,KGID101008,Keya,1970-12-21,1,6,False,2010-06-05
1009,28,87,4,1,KGID101009,Umang,1973-01-20,1,1,False,1998-08-29
1010,28,87,3,2,KGID101010,Bahadurjit,1977-07-20,2,5,True,2005-10-06
1011,28,87,4,1,KGID101011,Henry,1970-01-17,1,8,False,2001-06-15
1012,28,87,1,5,KGID101012,Keya,1972-12-29,1,5,False,1998-09-12
1013,28,87,3,2,KGID101013,Girik,1979-01-06,1,1,False,2025-02-04
1014,28,87,7,5,KGID101014,Vasudha,1991-06-24,1,3,False,2009-01-11
1015,28,87,1,6,KGID101015,Nitesh,1988-03-04,1,1,False,2009-02-11
1016,28,87,8,1,KGID101016,Chatresh,1970-12-19,1,5,False,2002-06-26
1017,28,87,7,3,KGID101017,Ranveer,1981-06-09,2,1,False,2012-08-04
1018,28,87,6,4,KGID101018,Alka,1989-12-25,1,7,False,2005-02-23
1019,28,88,7,4,KGID101019,Gopal,1969-03-18,2,2,False,2013-02-07
1020,28,88,3,4,KGID101020,Vritti,1972-09-29,1,1,False,2006-12-26
1021,28,88,7,3,KGID101021,Prisha,1970-07-03,1,7,False,2020-05-31
1022,28,88,1,6,KGID101022,Varsha,1974-04-24,1,5,False,1997-04-08
1023,28,88,9,5,KGID101023,Onkar,1989-03-22,1,1,False,2024-11-08
1024,28,88,6,7,KGID101024,Urvashi,1996-03-18,2,5,False,2005-06-19
1025,28,88,2,4,KGID101025,Mitali,1983-07-15,1,2,False,2022-06-22
1026,28,88,3,6,KGID101026,Alka,1970-08-15,1,4,False,2012-04-20
1027,28,88,3,4,KGID101027,Qasim,1980-02-20,2,6,False,2007-08-02
1028,29,89,1,2,KGID101028,Rachit,1982-09-06,1,4,False,2004-02-27
1029,29,89,2,6,KGID101029,Udyati,1976-06-24,2,3,False,2020-10-18
1030,29,89,7,7,KGID101030,David,1972-08-29,1,3,False,2016-09-20
1031,29,89,3,6,KGID101031,Gunbir,1970-06-09,1,6,False,2006-06-29
1032,29,89,1,1,KGID101032,Odika,2000-07-12,2,7,False,2013-08-16
1033,29,89,2,6,KGID101033,Darsh,1996-02-10,2,5,False,2020-04-03
1034,29,89,1,2,KGID101034,Omya,2000-05-10,1,5,False,2016-06-12
1035,29,89,3,5,KGID101035,Vaishnavi,1986-12-30,1,1,False,2003-05-10
1036,29,89,4,4,KGID101036,Chandani,1970-03-17,1,8,False,2022-09-14
1037,29,89,2,7,KGID101037,Bakhshi,1984-08-05,1,8,False,2022-08-20
1038,29,90,1,4,KGID101038,Manan,1971-08-12,2,1,False,2018-06-25
1039,29,90,8,2,KGID101039,Oscar,1999-10-17,1,4,False,2001-05-15
1040,29,90,1,4,KGID101040,Siddharth,1995-01-05,2,8,False,2000-03-07
1041,29,90,6,2,KGID101041,Pallavi,1970-03-10,1,1,False,2016-05-01
1042,29,90,5,6,KGID101042,Saksham,2001-06-07,1,1,False,2014-09-17
1043,29,90,2,7,KGID101043,Aarna,1978-05-24,2,4,False,2017-08-10
1044,29,90,2,6,KGID101044,Ekalinga,1970-06-25,1,7,False,2012-08-28
1045,29,90,3,1,KGID101045,Eshana,1996-08-25,1,8,False,2011-08-05
1046,29,90,2,7,KGID101046,Advik,1994-04-08,1,3,False,2014-08-04
1047,29,90,3,1,KGID101047,Oni,1971-05-08,1,3,False,2000-11-11
1048,29,90,3,1,KGID101048,Harish,1998-12-21,1,2,False,2012-11-02
1049,30,91,2,3,KGID101049,Harrison,1994-03-29,1,3,False,2021-09-05
1050,30,91,6,2,KGID101050,Hemangini,1997-05-16,2,2,False,2004-03-07
1051,30,91,4,6,KGID101051,Vedika,1986-12-21,2,2,False,2010-03-29
1052,30,91,4,6,KGID101052,Orinder,1976-11-20,1,7,False,2000-09-10
1053,30,91,9,5,KGID101053,Neelima,1968-11-03,2,7,False,2022-04-27
1054,30,91,1,2,KGID101054,Garima,1991-01-01,2,3,False,1997-12-14
1055,30,91,1,7,KGID101055,Vaishnavi,1998-10-31,1,7,False,2022-07-15
1056,30,91,4,4,KGID101056,Anmol,1979-01-04,1,3,False,2019-07-16
1057,30,91,1,2,KGID101057,Deepa,1977-01-20,1,5,True,2010-10-12
1058,30,91,2,4,KGID101058,Guneet,2000-08-03,1,1,False,2003-02-18
1059,30,92,1,5,KGID101059,Charita,2000-08-24,1,8,False,2009-05-16
1060,30,92,1,5,KGID101060,Ekani,1976-09-06,1,5,False,2008-08-10
1061,30,92,3,7,KGID101061,Gaurav,1973-11-29,1,3,False,2002-08-27
1062,30,92,4,1,KGID101062,Niharika,1992-09-18,1,1,False,2018-07-19
1063,30,92,5,3,KGID101063,Kashvi,1995-06-10,1,2,False,2011-06-19
1064,30,92,2,2,KGID101064,Nathan,1969-10-02,1,5,False,2017-02-05
1065,30,92,4,5,KGID101065,Netra,1972-02-19,1,3,False,2021-03-17
1066,30,92,4,3,KGID101066,Ayush,1973-06-06,2,2,False,2021-11-25
1067,30,92,2,4,KGID101067,Sai,1995-12-25,2,7,False,2003-10-04
1068,30,92,1,4,KGID101068,Tanmayi,1969-03-29,1,5,False,2006-12-22
1069,30,92,2,2,KGID101069,Rushil,1976-11-02,1,1,False,2020-05-27
1070,30,92,4,6,KGID101070,Yashasvi,1981-01-07,1,2,False,2023-04-17
1071,30,92,4,7,KGID101071,Azaan,1975-10-01,2,5,False,2010-09-12
1072,30,92,5,3,KGID101072,Sanaya,1973-07-24,1,6,False,2021-10-07
1073,30,92,3,4,KGID101073,Inaya,1979-03-25,1,8,False,2020-10-24
